ntw,fdr,solve_time,n_bus,termination_status,objective,criterion,rescaler,eq_model,linear_solver,tol,err_max,err_avg,seed
1,1,0.08775496482849121,118,OPTIMAL,105.91393325546241,rwls,100.0,LD3F,gurobi,1.0e-5,0.004109743142223676,0.003241306886338596,1
1,2,0.022230863571166992,67,OPTIMAL,69.87623496119565,rwls,100.0,LD3F,gurobi,1.0e-5,0.004094147875168153,0.003189401305458454,1
1,3,0.04390692710876465,82,OPTIMAL,79.75251294834466,rwls,100.0,LD3F,gurobi,1.0e-5,0.004098484266720659,0.003272020622786727,1
1,4,0.1343388557434082,157,OPTIMAL,135.88245969427282,rwls,100.0,LD3F,gurobi,1.0e-5,0.004095469695267306,0.0032519224085194825,1
2,1,0.33646297454833984,364,OPTIMAL,286.5967596951467,rwls,100.0,LD3F,gurobi,1.0e-5,0.0041109883220404875,0.0032800623231629407,1
2,2,0.33301711082458496,283,OPTIMAL,236.0877854600689,rwls,100.0,LD3F,gurobi,1.0e-5,0.004120105702854593,0.0032574511427879804,1
2,3,0.1958768367767334,232,OPTIMAL,190.60133765403657,rwls,100.0,LD3F,gurobi,1.0e-5,0.004113119643379015,0.003259183194776554,1
2,4,0.20505499839782715,247,OPTIMAL,192.3652367182022,rwls,100.0,LD3F,gurobi,1.0e-5,0.004162652413877366,0.003281785718063724,1
2,5,0.01570415496826172,53,OPTIMAL,57.900623587517366,rwls,100.0,LD3F,gurobi,1.0e-5,0.004092897206460222,0.0032405926582694364,1
3,1,0.16612601280212402,191,OPTIMAL,163.34306123449227,rwls,100.0,LD3F,gurobi,1.0e-5,0.004142909444954768,0.0032637420024795682,1
3,2,0.09634613990783691,141,OPTIMAL,125.78998780272036,rwls,100.0,LD3F,gurobi,1.0e-5,0.004160488244931537,0.003256745557564707,1
3,3,0.19997310638427734,208,OPTIMAL,174.29068116953488,rwls,100.0,LD3F,gurobi,1.0e-5,0.004308996990136871,0.0032903746322537463,1
3,4,0.04331398010253906,79,OPTIMAL,80.43511262128064,rwls,100.0,LD3F,gurobi,1.0e-5,0.004161685802865689,0.0032163321962615644,1
3,5,0.01776599884033203,44,OPTIMAL,53.823107305122996,rwls,100.0,LD3F,gurobi,1.0e-5,0.004114996078969035,0.003253525244260872,1
3,6,0.06652188301086426,103,OPTIMAL,98.83513123340713,rwls,100.0,LD3F,gurobi,1.0e-5,0.004099125684438487,0.0032254360492172257,1
4,1,0.020407915115356445,54,OPTIMAL,58.50196286651568,rwls,100.0,LD3F,gurobi,1.0e-5,0.004104719255340505,0.0032195112110665366,1
4,2,0.013449907302856445,36,OPTIMAL,47.22984802114057,rwls,100.0,LD3F,gurobi,1.0e-5,0.004092031418155395,0.0031333991145773214,1
4,3,0.011935949325561523,40,OPTIMAL,48.92515900124478,rwls,100.0,LD3F,gurobi,1.0e-5,0.004615546984275021,0.0032127248753711923,1
4,4,0.15489792823791504,180,OPTIMAL,149.86300295790778,rwls,100.0,LD3F,gurobi,1.0e-5,0.004092884963378118,0.0032641941637244717,1
4,5,0.017028093338012695,45,OPTIMAL,54.375718556513846,rwls,100.0,LD3F,gurobi,1.0e-5,0.004099324685567174,0.0031280007818681667,1
4,6,0.024106979370117188,60,OPTIMAL,60.6982946446402,rwls,100.0,LD3F,gurobi,1.0e-5,0.004092447293599921,0.0031976388565366585,1
5,1,0.0024139881134033203,12,OPTIMAL,30.916436230821887,rwls,100.0,LD3F,gurobi,1.0e-5,0.004090986162399002,0.0028277029912220056,1
5,2,0.01540684700012207,40,OPTIMAL,52.05787905766587,rwls,100.0,LD3F,gurobi,1.0e-5,0.0040912883235479924,0.00313741056793935,1
5,3,0.30863213539123535,317,OPTIMAL,253.55763055575372,rwls,100.0,LD3F,gurobi,1.0e-5,0.004199697655701717,0.0032940120116689594,1
5,4,0.024059772491455078,65,OPTIMAL,68.59856990830619,rwls,100.0,LD3F,gurobi,1.0e-5,0.004093399060821401,0.00318678026924468,1
5,5,0.06224799156188965,104,OPTIMAL,96.40678868172922,rwls,100.0,LD3F,gurobi,1.0e-5,0.004107784189204322,0.0032169823147663625,1
5,6,0.013386011123657227,38,OPTIMAL,49.480541224159005,rwls,100.0,LD3F,gurobi,1.0e-5,0.004102653413902035,0.0031419126488171608,1
5,7,0.01845383644104004,48,OPTIMAL,58.02611414064323,rwls,100.0,LD3F,gurobi,1.0e-5,0.004092673168692329,0.0031694129940291107,1
5,8,0.04438304901123047,84,OPTIMAL,81.14423661942311,rwls,100.0,LD3F,gurobi,1.0e-5,0.00412417403759191,0.003214976630958445,1
6,1,0.2196199893951416,201,OPTIMAL,197.56513880011025,rwls,100.0,LD3F,gurobi,1.0e-5,0.0042092459547309335,0.0032832560941984936,1
6,2,0.05090498924255371,89,OPTIMAL,104.48319415432822,rwls,100.0,LD3F,gurobi,1.0e-5,0.004178125431602897,0.003227787252459979,1
7,1,0.09164285659790039,139,OPTIMAL,127.36914918532923,rwls,100.0,LD3F,gurobi,1.0e-5,0.004121812382173573,0.00328627283899856,1
7,2,0.07988214492797852,121,OPTIMAL,110.08674943095177,rwls,100.0,LD3F,gurobi,1.0e-5,0.004101185389403961,0.003237985734680637,1
7,3,0.058721065521240234,107,OPTIMAL,100.03413612623403,rwls,100.0,LD3F,gurobi,1.0e-5,0.004400171574716616,0.0032315502151712638,1
7,4,0.524165153503418,358,OPTIMAL,305.43372603319057,rwls,100.0,LD3F,gurobi,1.0e-5,0.004312486581905084,0.0032788363288631397,1
7,5,0.06504082679748535,127,OPTIMAL,118.57329320996912,rwls,100.0,LD3F,gurobi,1.0e-5,0.004106750647549173,0.0032336806146126755,1
7,6,0.010986089706420898,29,OPTIMAL,57.74878559459192,rwls,100.0,LD3F,gurobi,1.0e-5,0.004242943657499443,0.0032242547157446595,1
7,7,0.014880895614624023,39,OPTIMAL,55.94521729243091,rwls,100.0,LD3F,gurobi,1.0e-5,0.00409113796524796,0.0032698326940142014,1
9,1,0.12878894805908203,172,OPTIMAL,150.25030758876653,rwls,100.0,LD3F,gurobi,1.0e-5,0.004328487539654091,0.003269477821199226,1
9,2,0.007941007614135742,25,OPTIMAL,53.882607072986886,rwls,100.0,LD3F,gurobi,1.0e-5,0.004178545494872399,0.0032082068864110447,1
9,3,0.006924867630004883,24,OPTIMAL,52.43409141934089,rwls,100.0,LD3F,gurobi,1.0e-5,0.004178916102124841,0.0032044733173052587,1
9,4,0.008193016052246094,25,OPTIMAL,53.86348704514419,rwls,100.0,LD3F,gurobi,1.0e-5,0.004177975803031142,0.0032087084979351694,1
9,5,0.26981401443481445,252,OPTIMAL,207.92405391500137,rwls,100.0,LD3F,gurobi,1.0e-5,0.0041667849249587,0.003275523442485542,1
9,6,0.00888681411743164,27,OPTIMAL,55.46398911143622,rwls,100.0,LD3F,gurobi,1.0e-5,0.0040927412110367545,0.0031515000733717147,1
10,1,0.010579109191894531,30,OPTIMAL,54.49714738137677,rwls,100.0,LD3F,gurobi,1.0e-5,0.004196713397391472,0.0030670320321670866,1
10,2,0.0034780502319335938,16,OPTIMAL,39.78203013970824,rwls,100.0,LD3F,gurobi,1.0e-5,0.004090986162399002,0.0024383505780238893,1
10,3,0.012490987777709961,46,OPTIMAL,43.21815565479835,rwls,100.0,LD3F,gurobi,1.0e-5,0.004125995827855222,0.0031116776319775356,1
10,4,0.0058290958404541016,23,OPTIMAL,34.58453341768248,rwls,100.0,LD3F,gurobi,1.0e-5,0.004091168315426774,0.0028004582410122232,1
10,5,0.006618022918701172,24,OPTIMAL,37.869394484074164,rwls,100.0,LD3F,gurobi,1.0e-5,0.0041041994806882975,0.002959883311953415,1
10,6,0.0039010047912597656,19,OPTIMAL,31.91406418490557,rwls,100.0,LD3F,gurobi,1.0e-5,0.004098480555312145,0.0028822586229512617,1
11,1,0.014386177062988281,42,OPTIMAL,67.70256242076371,rwls,100.0,LD3F,gurobi,1.0e-5,0.004161717075546356,0.0032679604776559026,1
11,2,0.0023992061614990234,10,OPTIMAL,27.38889509452788,rwls,100.0,LD3F,gurobi,1.0e-5,0.004090986162399002,0.002764318387144227,1
11,3,0.027077913284301758,65,OPTIMAL,72.78892147423844,rwls,100.0,LD3F,gurobi,1.0e-5,0.0040980188319899025,0.0031891612041396768,1
11,4,0.06455612182617188,114,OPTIMAL,113.13167669432403,rwls,100.0,LD3F,gurobi,1.0e-5,0.004155243921567298,0.0032467893959423648,1
11,5,0.11662793159484863,157,OPTIMAL,151.61204710854767,rwls,100.0,LD3F,gurobi,1.0e-5,0.004094704347723521,0.003257967287191711,1
12,1,0.32080698013305664,247,OPTIMAL,255.01002293692048,rwls,100.0,LD3F,gurobi,1.0e-5,0.00542786419877872,0.0032882064035709637,1
12,2,0.13856911659240723,167,OPTIMAL,145.7527588309059,rwls,100.0,LD3F,gurobi,1.0e-5,0.00418134227420186,0.0032884367868582995,1
12,3,0.15707182884216309,153,OPTIMAL,224.3837683587518,rwls,100.0,LD3F,gurobi,1.0e-5,0.0041195676681375915,0.0032742653200690053,1
13,1,0.044049978256225586,89,OPTIMAL,94.38257149313014,rwls,100.0,LD3F,gurobi,1.0e-5,0.004092301998176895,0.0031190228239197895,1
13,2,0.043176889419555664,82,OPTIMAL,77.66552652936278,rwls,100.0,LD3F,gurobi,1.0e-5,0.0041123217792837785,0.0032168091868606166,1
13,3,0.0019421577453613281,10,OPTIMAL,26.949603324099105,rwls,100.0,LD3F,gurobi,1.0e-5,0.004090986162399002,0.002295778820045924,1
13,4,0.08824491500854492,182,OPTIMAL,22502.42383434412,rwls,100.0,LD3F,gurobi,1.0e-5,0.10481408856433916,0.030356803775269517,1
15,1,0.13786101341247559,167,OPTIMAL,136.06884171808488,rwls,100.0,LD3F,gurobi,1.0e-5,0.0041376576972662615,0.0032851372782172054,1
15,2,0.20151495933532715,200,OPTIMAL,184.63219657303264,rwls,100.0,LD3F,gurobi,1.0e-5,0.0041141336182421995,0.0032497497322046863,1
15,3,0.35680699348449707,306,OPTIMAL,273.6025170843361,rwls,100.0,LD3F,gurobi,1.0e-5,0.00413627390942195,0.0032897311939930948,1
15,4,0.343994140625,260,OPTIMAL,226.78032806796432,rwls,100.0,LD3F,gurobi,1.0e-5,0.004155879077168301,0.003278877252060794,1
15,5,0.02009415626525879,49,OPTIMAL,57.42085206626464,rwls,100.0,LD3F,gurobi,1.0e-5,0.0040910754798939575,0.0031901258252685773,1
15,6,0.08756208419799805,120,OPTIMAL,127.74919353331457,rwls,100.0,LD3F,gurobi,1.0e-5,0.004209573448175297,0.0032525324494249762,1
15,7,0.0596768856048584,100,OPTIMAL,106.50458573269944,rwls,100.0,LD3F,gurobi,1.0e-5,0.004289560691743022,0.0032838854593325345,1
16,1,0.0360720157623291,76,OPTIMAL,93.15448688899521,rwls,100.0,LD3F,gurobi,1.0e-5,0.0043011607455767376,0.0032392200109991037,1
16,2,0.06976318359375,150,OPTIMAL,135.006904333622,rwls,100.0,LD3F,gurobi,1.0e-5,0.004483367410300421,0.0032520506303437636,1
16,3,0.07868599891662598,142,OPTIMAL,121.84621231822209,rwls,100.0,LD3F,gurobi,1.0e-5,0.004098775855389203,0.003269371842300219,1
16,4,0.06991076469421387,127,OPTIMAL,110.01561574144262,rwls,100.0,LD3F,gurobi,1.0e-5,0.004100509134536745,0.003242419247273792,1
17,1,0.3050510883331299,378,OPTIMAL,300.06201625923353,rwls,100.0,LD3F,gurobi,1.0e-5,0.00412032804236806,0.0032888447446846815,1
17,2,0.0039141178131103516,19,OPTIMAL,36.67178544113635,rwls,100.0,LD3F,gurobi,1.0e-5,0.004091652049424077,0.0029936026603057473,1
17,3,0.05695509910583496,157,OPTIMAL,139.68709604388783,rwls,100.0,LD3F,gurobi,1.0e-5,0.004094563016913133,0.003246512411402804,1
17,4,0.10750889778137207,215,OPTIMAL,180.69770182938473,rwls,100.0,LD3F,gurobi,1.0e-5,0.005485723279279098,0.00328555822468534,1
17,5,0.3404998779296875,316,OPTIMAL,259.7710086360637,rwls,100.0,LD3F,gurobi,1.0e-5,0.0042119886995406475,0.003288952763918223,1
17,6,0.21539306640625,438,OPTIMAL,353.7945114080482,rwls,100.0,LD3F,gurobi,1.0e-5,0.0041039457874931795,0.0032851651182906802,1
17,7,0.12130999565124512,221,OPTIMAL,203.24577243547796,rwls,100.0,LD3F,gurobi,1.0e-5,0.004175492686808724,0.003277855940175601,1
18,1,0.040821075439453125,106,OPTIMAL,104.74147456354827,rwls,100.0,LD3F,gurobi,1.0e-5,0.004136865396825673,0.0032790370896820394,1
18,2,0.01684403419494629,53,OPTIMAL,60.504862838995344,rwls,100.0,LD3F,gurobi,1.0e-5,0.005379175253412916,0.003267993699645605,1
18,3,0.05363607406616211,110,OPTIMAL,98.9067057691056,rwls,100.0,LD3F,gurobi,1.0e-5,0.004186314194308816,0.0032589972505607787,1
18,4,0.028684139251708984,74,OPTIMAL,75.08555271870122,rwls,100.0,LD3F,gurobi,1.0e-5,0.004141513643600714,0.0032316568374554243,1
18,5,0.030344009399414062,88,OPTIMAL,87.83939736275165,rwls,100.0,LD3F,gurobi,1.0e-5,0.004286521761543982,0.0032438355135305636,1
18,6,0.012398958206176758,46,OPTIMAL,57.053353423846204,rwls,100.0,LD3F,gurobi,1.0e-5,0.004091801175108323,0.0031818874520160487,1
18,7,0.019917011260986328,58,OPTIMAL,65.97209195502305,rwls,100.0,LD3F,gurobi,1.0e-5,0.0040992126584404875,0.0032123663309569736,1
18,8,0.017112016677856445,48,OPTIMAL,56.281688077296366,rwls,100.0,LD3F,gurobi,1.0e-5,0.00423564122486586,0.003182998096543912,1
18,9,0.0525050163269043,98,OPTIMAL,106.85285736099641,rwls,100.0,LD3F,gurobi,1.0e-5,0.00428571863612337,0.003304560783812884,1
19,1,0.05347299575805664,111,OPTIMAL,96.64480741152343,rwls,100.0,LD3F,gurobi,1.0e-5,0.004116086110878658,0.003267557479325768,1
19,2,0.12371110916137695,214,OPTIMAL,188.77577691655816,rwls,100.0,LD3F,gurobi,1.0e-5,0.00409349497336553,0.0032660882161066186,1
19,3,0.07539200782775879,138,OPTIMAL,122.80742495017128,rwls,100.0,LD3F,gurobi,1.0e-5,0.004210882034306751,0.003231040610300052,1
19,4,0.036296844482421875,111,OPTIMAL,104.36597243372515,rwls,100.0,LD3F,gurobi,1.0e-5,0.004092038293235012,0.0032469348539715796,1
19,5,0.0727241039276123,149,OPTIMAL,132.51405282080162,rwls,100.0,LD3F,gurobi,1.0e-5,0.004150543668035578,0.0032299265550945326,1
20,1,0.009155988693237305,29,OPTIMAL,60.01349139233006,rwls,100.0,LD3F,gurobi,1.0e-5,0.004219434404818534,0.0031904374344292963,1
20,2,0.024370193481445312,56,OPTIMAL,61.8973594292489,rwls,100.0,LD3F,gurobi,1.0e-5,0.004172101764489122,0.003205456744058796,1
20,3,0.0557858943939209,94,OPTIMAL,113.41173127857671,rwls,100.0,LD3F,gurobi,1.0e-5,0.00433963458655362,0.0032089664962855384,1
20,4,0.010240793228149414,32,OPTIMAL,66.08473070529723,rwls,100.0,LD3F,gurobi,1.0e-5,0.004090986162399002,0.0032319200399833436,1
20,5,0.008208036422729492,26,OPTIMAL,57.9306526240451,rwls,100.0,LD3F,gurobi,1.0e-5,0.004196690481326426,0.003221281293096953,1
21,1,0.017091989517211914,51,OPTIMAL,55.06126527265601,rwls,100.0,LD3F,gurobi,1.0e-5,0.004186697577482468,0.003262510018014745,1
21,2,0.015349864959716797,50,OPTIMAL,58.2692446133845,rwls,100.0,LD3F,gurobi,1.0e-5,0.004096132005302122,0.003100833780349195,1
21,3,0.0676429271697998,132,OPTIMAL,124.06269223668656,rwls,100.0,LD3F,gurobi,1.0e-5,0.004128530879500936,0.0032564542285205386,1
21,4,0.01381993293762207,42,OPTIMAL,50.120201925294715,rwls,100.0,LD3F,gurobi,1.0e-5,0.004093206720195752,0.0032356819504592176,1
21,5,0.023296833038330078,62,OPTIMAL,64.37633587904304,rwls,100.0,LD3F,gurobi,1.0e-5,0.0041122210935369274,0.0031807139611708477,1
22,1,0.02069401741027832,60,OPTIMAL,70.40032154359645,rwls,100.0,LD3F,gurobi,1.0e-5,0.004092970279597319,0.0032002197614676192,1
22,2,0.00699305534362793,29,OPTIMAL,43.56369258395194,rwls,100.0,LD3F,gurobi,1.0e-5,0.004095593940661613,0.003065830638367383,1
22,3,0.028350114822387695,100,OPTIMAL,94.0961058109052,rwls,100.0,LD3F,gurobi,1.0e-5,0.004442707001287793,0.0032759200065895448,1
22,4,0.02355217933654785,56,OPTIMAL,62.7690772925786,rwls,100.0,LD3F,gurobi,1.0e-5,0.004091986066052211,0.0032096431824519887,1
22,5,0.023138046264648438,63,OPTIMAL,66.77195631195046,rwls,100.0,LD3F,gurobi,1.0e-5,0.004093664921897444,0.003197851584992056,1
22,6,0.0274050235748291,78,OPTIMAL,80.42591480505605,rwls,100.0,LD3F,gurobi,1.0e-5,0.004120719567247244,0.00320570427431801,1
23,1,0.17746615409851074,195,OPTIMAL,187.96691056443174,rwls,100.0,LD3F,gurobi,1.0e-5,0.004329874875416362,0.003259746621747411,1
23,2,0.04578804969787598,100,OPTIMAL,93.01233384234763,rwls,100.0,LD3F,gurobi,1.0e-5,0.0040916359381053535,0.0031977645003848135,1
23,3,0.0015997886657714844,6,OPTIMAL,28.891692359754032,rwls,100.0,LD3F,gurobi,1.0e-5,0.004090986162399002,0.002248364712053974,1
23,4,0.11883997917175293,153,OPTIMAL,156.24125600446365,rwls,100.0,LD3F,gurobi,1.0e-5,0.004128508397331032,0.0032113523275963283,1
23,5,0.035240888595581055,84,OPTIMAL,88.5489450829868,rwls,100.0,LD3F,gurobi,1.0e-5,0.0041435775170481914,0.0032354997215777665,1
25,1,0.007951021194458008,26,OPTIMAL,41.32549726919998,rwls,100.0,LD3F,gurobi,1.0e-5,0.004325797416761312,0.0031225311451073645,1
25,2,0.013911962509155273,40,OPTIMAL,55.34173692490275,rwls,100.0,LD3F,gurobi,1.0e-5,0.004180796648019625,0.0032112988048874397,1
25,3,0.009289026260375977,29,OPTIMAL,43.24842545305033,rwls,100.0,LD3F,gurobi,1.0e-5,0.004242148187035277,0.003082848633669994,1
1,1,0.08661913871765137,118,OPTIMAL,105.91393325546241,rwls,1000.0,LD3F,gurobi,1.0e-5,0.004109743142223676,0.003241306886338596,1
1,2,0.022698163986206055,67,OPTIMAL,69.87623496119565,rwls,1000.0,LD3F,gurobi,1.0e-5,0.004094147875168153,0.003189401305458454,1
1,3,0.04354691505432129,82,OPTIMAL,79.75251294834466,rwls,1000.0,LD3F,gurobi,1.0e-5,0.004098484266720659,0.003272020622786727,1
1,4,0.13466596603393555,157,OPTIMAL,135.88245969427282,rwls,1000.0,LD3F,gurobi,1.0e-5,0.004095469695267306,0.0032519224085194825,1
2,1,0.3381528854370117,364,OPTIMAL,286.5967596951467,rwls,1000.0,LD3F,gurobi,1.0e-5,0.0041109883220404875,0.0032800623231629407,1
2,2,0.3353588581085205,283,OPTIMAL,236.0877854600689,rwls,1000.0,LD3F,gurobi,1.0e-5,0.004120105702854593,0.0032574511427879804,1
2,3,0.19587397575378418,232,OPTIMAL,190.60133765403657,rwls,1000.0,LD3F,gurobi,1.0e-5,0.004113119643379015,0.003259183194776554,1
2,4,0.20507383346557617,247,OPTIMAL,192.3652367182022,rwls,1000.0,LD3F,gurobi,1.0e-5,0.004162652413877366,0.003281785718063724,1
2,5,0.01576399803161621,53,OPTIMAL,57.900623587517366,rwls,1000.0,LD3F,gurobi,1.0e-5,0.004092897206460222,0.0032405926582694364,1
3,1,0.16879606246948242,191,OPTIMAL,163.34306123449227,rwls,1000.0,LD3F,gurobi,1.0e-5,0.004142909444954768,0.0032637420024795682,1
3,2,0.09667587280273438,141,OPTIMAL,125.78998780272036,rwls,1000.0,LD3F,gurobi,1.0e-5,0.004160488244931537,0.003256745557564707,1
3,3,0.2015230655670166,208,OPTIMAL,174.29068116953488,rwls,1000.0,LD3F,gurobi,1.0e-5,0.004308996990136871,0.0032903746322537463,1
3,4,0.04237198829650879,79,OPTIMAL,80.43511262128064,rwls,1000.0,LD3F,gurobi,1.0e-5,0.004161685802865689,0.0032163321962615644,1
3,5,0.018445968627929688,44,OPTIMAL,53.823107305122996,rwls,1000.0,LD3F,gurobi,1.0e-5,0.004114996078969035,0.003253525244260872,1
3,6,0.06685805320739746,103,OPTIMAL,98.83513123340713,rwls,1000.0,LD3F,gurobi,1.0e-5,0.004099125684438487,0.0032254360492172257,1
4,1,0.019949913024902344,54,OPTIMAL,58.50196286651568,rwls,1000.0,LD3F,gurobi,1.0e-5,0.004104719255340505,0.0032195112110665366,1
4,2,0.01362299919128418,36,OPTIMAL,47.22984802114057,rwls,1000.0,LD3F,gurobi,1.0e-5,0.004092031418155395,0.0031333991145773214,1
4,3,0.012140035629272461,40,OPTIMAL,48.92515900124478,rwls,1000.0,LD3F,gurobi,1.0e-5,0.004615546984275021,0.0032127248753711923,1
4,4,0.15425705909729004,180,OPTIMAL,149.86300295790778,rwls,1000.0,LD3F,gurobi,1.0e-5,0.004092884963378118,0.0032641941637244717,1
4,5,0.01681995391845703,45,OPTIMAL,54.375718556513846,rwls,1000.0,LD3F,gurobi,1.0e-5,0.004099324685567174,0.0031280007818681667,1
4,6,0.02361607551574707,60,OPTIMAL,60.6982946446402,rwls,1000.0,LD3F,gurobi,1.0e-5,0.004092447293599921,0.0031976388565366585,1
5,1,0.002415180206298828,12,OPTIMAL,30.916436230821887,rwls,1000.0,LD3F,gurobi,1.0e-5,0.004090986162399002,0.0028277029912220056,1
5,2,0.01557016372680664,40,OPTIMAL,52.05787905766587,rwls,1000.0,LD3F,gurobi,1.0e-5,0.0040912883235479924,0.00313741056793935,1
5,3,0.3106238842010498,317,OPTIMAL,253.55763055575372,rwls,1000.0,LD3F,gurobi,1.0e-5,0.004199697655701717,0.0032940120116689594,1
5,4,0.024244070053100586,65,OPTIMAL,68.59856990830619,rwls,1000.0,LD3F,gurobi,1.0e-5,0.004093399060821401,0.00318678026924468,1
5,5,0.06273698806762695,104,OPTIMAL,96.40678868172922,rwls,1000.0,LD3F,gurobi,1.0e-5,0.004107784189204322,0.0032169823147663625,1
5,6,0.013847112655639648,38,OPTIMAL,49.480541224159005,rwls,1000.0,LD3F,gurobi,1.0e-5,0.004102653413902035,0.0031419126488171608,1
5,7,0.01928114891052246,48,OPTIMAL,58.02611414064323,rwls,1000.0,LD3F,gurobi,1.0e-5,0.004092673168692329,0.0031694129940291107,1
5,8,0.044523000717163086,84,OPTIMAL,81.14423661942311,rwls,1000.0,LD3F,gurobi,1.0e-5,0.00412417403759191,0.003214976630958445,1
6,1,0.21680116653442383,201,OPTIMAL,197.56513880011025,rwls,1000.0,LD3F,gurobi,1.0e-5,0.0042092459547309335,0.0032832560941984936,1
6,2,0.050649166107177734,89,OPTIMAL,104.48319415432822,rwls,1000.0,LD3F,gurobi,1.0e-5,0.004178125431602897,0.003227787252459979,1
7,1,0.09111905097961426,139,OPTIMAL,127.36914918532923,rwls,1000.0,LD3F,gurobi,1.0e-5,0.004121812382173573,0.00328627283899856,1
7,2,0.07950592041015625,121,OPTIMAL,110.08674943095177,rwls,1000.0,LD3F,gurobi,1.0e-5,0.004101185389403961,0.003237985734680637,1
7,3,0.05838489532470703,107,OPTIMAL,100.03413612623403,rwls,1000.0,LD3F,gurobi,1.0e-5,0.004400171574716616,0.0032315502151712638,1
7,4,0.5221409797668457,358,OPTIMAL,305.43372603319057,rwls,1000.0,LD3F,gurobi,1.0e-5,0.004312486581905084,0.0032788363288631397,1
7,5,0.06411290168762207,127,OPTIMAL,118.57329320996912,rwls,1000.0,LD3F,gurobi,1.0e-5,0.004106750647549173,0.0032336806146126755,1
7,6,0.010806083679199219,29,OPTIMAL,57.74878559459192,rwls,1000.0,LD3F,gurobi,1.0e-5,0.004242943657499443,0.0032242547157446595,1
7,7,0.014596939086914062,39,OPTIMAL,55.94521729243091,rwls,1000.0,LD3F,gurobi,1.0e-5,0.00409113796524796,0.0032698326940142014,1
9,1,0.12879014015197754,172,OPTIMAL,150.25030758876653,rwls,1000.0,LD3F,gurobi,1.0e-5,0.004328487539654091,0.003269477821199226,1
9,2,0.0077931880950927734,25,OPTIMAL,53.882607072986886,rwls,1000.0,LD3F,gurobi,1.0e-5,0.004178545494872399,0.0032082068864110447,1
9,3,0.006896018981933594,24,OPTIMAL,52.43409141934089,rwls,1000.0,LD3F,gurobi,1.0e-5,0.004178916102124841,0.0032044733173052587,1
9,4,0.007981061935424805,25,OPTIMAL,53.86348704514419,rwls,1000.0,LD3F,gurobi,1.0e-5,0.004177975803031142,0.0032087084979351694,1
9,5,0.270967960357666,252,OPTIMAL,207.92405391500137,rwls,1000.0,LD3F,gurobi,1.0e-5,0.0041667849249587,0.003275523442485542,1
9,6,0.009169816970825195,27,OPTIMAL,55.46398911143622,rwls,1000.0,LD3F,gurobi,1.0e-5,0.0040927412110367545,0.0031515000733717147,1
10,1,0.010782003402709961,30,OPTIMAL,54.49714738137677,rwls,1000.0,LD3F,gurobi,1.0e-5,0.004196713397391472,0.0030670320321670866,1
10,2,0.003495931625366211,16,OPTIMAL,39.78203013970824,rwls,1000.0,LD3F,gurobi,1.0e-5,0.004090986162399002,0.0024383505780238893,1
10,3,0.01200103759765625,46,OPTIMAL,43.21815565479835,rwls,1000.0,LD3F,gurobi,1.0e-5,0.004125995827855222,0.0031116776319775356,1
10,4,0.0060918331146240234,23,OPTIMAL,34.58453341768248,rwls,1000.0,LD3F,gurobi,1.0e-5,0.004091168315426774,0.0028004582410122232,1
10,5,0.006761074066162109,24,OPTIMAL,37.869394484074164,rwls,1000.0,LD3F,gurobi,1.0e-5,0.0041041994806882975,0.002959883311953415,1
10,6,0.003926992416381836,19,OPTIMAL,31.91406418490557,rwls,1000.0,LD3F,gurobi,1.0e-5,0.004098480555312145,0.0028822586229512617,1
11,1,0.01456308364868164,42,OPTIMAL,67.70256242076371,rwls,1000.0,LD3F,gurobi,1.0e-5,0.004161717075546356,0.0032679604776559026,1
11,2,0.0024831295013427734,10,OPTIMAL,27.38889509452788,rwls,1000.0,LD3F,gurobi,1.0e-5,0.004090986162399002,0.002764318387144227,1
11,3,0.027610063552856445,65,OPTIMAL,72.78892147423844,rwls,1000.0,LD3F,gurobi,1.0e-5,0.0040980188319899025,0.0031891612041396768,1
11,4,0.06603598594665527,114,OPTIMAL,113.13167669432403,rwls,1000.0,LD3F,gurobi,1.0e-5,0.004155243921567298,0.0032467893959423648,1
11,5,0.11590814590454102,157,OPTIMAL,151.61204710854767,rwls,1000.0,LD3F,gurobi,1.0e-5,0.004094704347723521,0.003257967287191711,1
12,1,0.32273411750793457,247,OPTIMAL,255.01002293692048,rwls,1000.0,LD3F,gurobi,1.0e-5,0.00542786419877872,0.0032882064035709637,1
12,2,0.14095807075500488,167,OPTIMAL,145.7527588309059,rwls,1000.0,LD3F,gurobi,1.0e-5,0.00418134227420186,0.0032884367868582995,1
12,3,0.1538240909576416,153,OPTIMAL,224.3837683587518,rwls,1000.0,LD3F,gurobi,1.0e-5,0.0041195676681375915,0.0032742653200690053,1
13,1,0.04413795471191406,89,OPTIMAL,94.38257149313014,rwls,1000.0,LD3F,gurobi,1.0e-5,0.004092301998176895,0.0031190228239197895,1
13,2,0.0439000129699707,82,OPTIMAL,77.66552652936278,rwls,1000.0,LD3F,gurobi,1.0e-5,0.0041123217792837785,0.0032168091868606166,1
13,3,0.0019021034240722656,10,OPTIMAL,26.949603324099105,rwls,1000.0,LD3F,gurobi,1.0e-5,0.004090986162399002,0.002295778820045924,1
13,4,0.08800721168518066,182,OPTIMAL,22502.42383434412,rwls,1000.0,LD3F,gurobi,1.0e-5,0.10481408856433916,0.030356803775269517,1
15,1,0.13779902458190918,167,OPTIMAL,136.06884171808488,rwls,1000.0,LD3F,gurobi,1.0e-5,0.0041376576972662615,0.0032851372782172054,1
15,2,0.20100617408752441,200,OPTIMAL,184.63219657303264,rwls,1000.0,LD3F,gurobi,1.0e-5,0.0041141336182421995,0.0032497497322046863,1
15,3,0.35776686668395996,306,OPTIMAL,273.6025170843361,rwls,1000.0,LD3F,gurobi,1.0e-5,0.00413627390942195,0.0032897311939930948,1
15,4,0.3422679901123047,260,OPTIMAL,226.78032806796432,rwls,1000.0,LD3F,gurobi,1.0e-5,0.004155879077168301,0.003278877252060794,1
15,5,0.01988506317138672,49,OPTIMAL,57.42085206626464,rwls,1000.0,LD3F,gurobi,1.0e-5,0.0040910754798939575,0.0031901258252685773,1
15,6,0.08686184883117676,120,OPTIMAL,127.74919353331457,rwls,1000.0,LD3F,gurobi,1.0e-5,0.004209573448175297,0.0032525324494249762,1
15,7,0.05923008918762207,100,OPTIMAL,106.50458573269944,rwls,1000.0,LD3F,gurobi,1.0e-5,0.004289560691743022,0.0032838854593325345,1
16,1,0.03603219985961914,76,OPTIMAL,93.15448688899521,rwls,1000.0,LD3F,gurobi,1.0e-5,0.0043011607455767376,0.0032392200109991037,1
16,2,0.07009220123291016,150,OPTIMAL,135.006904333622,rwls,1000.0,LD3F,gurobi,1.0e-5,0.004483367410300421,0.0032520506303437636,1
16,3,0.07957911491394043,142,OPTIMAL,121.84621231822209,rwls,1000.0,LD3F,gurobi,1.0e-5,0.004098775855389203,0.003269371842300219,1
16,4,0.06917786598205566,127,OPTIMAL,110.01561574144262,rwls,1000.0,LD3F,gurobi,1.0e-5,0.004100509134536745,0.003242419247273792,1
17,1,0.3024289608001709,378,OPTIMAL,300.06201625923353,rwls,1000.0,LD3F,gurobi,1.0e-5,0.00412032804236806,0.0032888447446846815,1
17,2,0.003904104232788086,19,OPTIMAL,36.67178544113635,rwls,1000.0,LD3F,gurobi,1.0e-5,0.004091652049424077,0.0029936026603057473,1
17,3,0.05641984939575195,157,OPTIMAL,139.68709604388783,rwls,1000.0,LD3F,gurobi,1.0e-5,0.004094563016913133,0.003246512411402804,1
17,4,0.10830092430114746,215,OPTIMAL,180.69770182938473,rwls,1000.0,LD3F,gurobi,1.0e-5,0.005485723279279098,0.00328555822468534,1
17,5,0.3395678997039795,316,OPTIMAL,259.7710086360637,rwls,1000.0,LD3F,gurobi,1.0e-5,0.0042119886995406475,0.003288952763918223,1
17,6,0.21360492706298828,438,OPTIMAL,353.7945114080482,rwls,1000.0,LD3F,gurobi,1.0e-5,0.0041039457874931795,0.0032851651182906802,1
17,7,0.12105417251586914,221,OPTIMAL,203.24577243547796,rwls,1000.0,LD3F,gurobi,1.0e-5,0.004175492686808724,0.003277855940175601,1
18,1,0.04118800163269043,106,OPTIMAL,104.74147456354827,rwls,1000.0,LD3F,gurobi,1.0e-5,0.004136865396825673,0.0032790370896820394,1
18,2,0.01691293716430664,53,OPTIMAL,60.504862838995344,rwls,1000.0,LD3F,gurobi,1.0e-5,0.005379175253412916,0.003267993699645605,1
18,3,0.053954124450683594,110,OPTIMAL,98.9067057691056,rwls,1000.0,LD3F,gurobi,1.0e-5,0.004186314194308816,0.0032589972505607787,1
18,4,0.028916120529174805,74,OPTIMAL,75.08555271870122,rwls,1000.0,LD3F,gurobi,1.0e-5,0.004141513643600714,0.0032316568374554243,1
18,5,0.030380964279174805,88,OPTIMAL,87.83939736275165,rwls,1000.0,LD3F,gurobi,1.0e-5,0.004286521761543982,0.0032438355135305636,1
18,6,0.012204885482788086,46,OPTIMAL,57.053353423846204,rwls,1000.0,LD3F,gurobi,1.0e-5,0.004091801175108323,0.0031818874520160487,1
18,7,0.019984006881713867,58,OPTIMAL,65.97209195502305,rwls,1000.0,LD3F,gurobi,1.0e-5,0.0040992126584404875,0.0032123663309569736,1
18,8,0.01720404624938965,48,OPTIMAL,56.281688077296366,rwls,1000.0,LD3F,gurobi,1.0e-5,0.00423564122486586,0.003182998096543912,1
18,9,0.051470041275024414,98,OPTIMAL,106.85285736099641,rwls,1000.0,LD3F,gurobi,1.0e-5,0.00428571863612337,0.003304560783812884,1
19,1,0.05303215980529785,111,OPTIMAL,96.64480741152343,rwls,1000.0,LD3F,gurobi,1.0e-5,0.004116086110878658,0.003267557479325768,1
19,2,0.12435102462768555,214,OPTIMAL,188.77577691655816,rwls,1000.0,LD3F,gurobi,1.0e-5,0.00409349497336553,0.0032660882161066186,1
19,3,0.07573604583740234,138,OPTIMAL,122.80742495017128,rwls,1000.0,LD3F,gurobi,1.0e-5,0.004210882034306751,0.003231040610300052,1
19,4,0.03632092475891113,111,OPTIMAL,104.36597243372515,rwls,1000.0,LD3F,gurobi,1.0e-5,0.004092038293235012,0.0032469348539715796,1
19,5,0.07301712036132812,149,OPTIMAL,132.51405282080162,rwls,1000.0,LD3F,gurobi,1.0e-5,0.004150543668035578,0.0032299265550945326,1
20,1,0.009229898452758789,29,OPTIMAL,60.01349139233006,rwls,1000.0,LD3F,gurobi,1.0e-5,0.004219434404818534,0.0031904374344292963,1
20,2,0.024343013763427734,56,OPTIMAL,61.8973594292489,rwls,1000.0,LD3F,gurobi,1.0e-5,0.004172101764489122,0.003205456744058796,1
20,3,0.055696964263916016,94,OPTIMAL,113.41173127857671,rwls,1000.0,LD3F,gurobi,1.0e-5,0.00433963458655362,0.0032089664962855384,1
20,4,0.01024484634399414,32,OPTIMAL,66.08473070529723,rwls,1000.0,LD3F,gurobi,1.0e-5,0.004090986162399002,0.0032319200399833436,1
20,5,0.008272886276245117,26,OPTIMAL,57.9306526240451,rwls,1000.0,LD3F,gurobi,1.0e-5,0.004196690481326426,0.003221281293096953,1
21,1,0.0173490047454834,51,OPTIMAL,55.06126527265601,rwls,1000.0,LD3F,gurobi,1.0e-5,0.004186697577482468,0.003262510018014745,1
21,2,0.015446901321411133,50,OPTIMAL,58.2692446133845,rwls,1000.0,LD3F,gurobi,1.0e-5,0.004096132005302122,0.003100833780349195,1
21,3,0.06768679618835449,132,OPTIMAL,124.06269223668656,rwls,1000.0,LD3F,gurobi,1.0e-5,0.004128530879500936,0.0032564542285205386,1
21,4,0.014678955078125,42,OPTIMAL,50.120201925294715,rwls,1000.0,LD3F,gurobi,1.0e-5,0.004093206720195752,0.0032356819504592176,1
21,5,0.02334308624267578,62,OPTIMAL,64.37633587904304,rwls,1000.0,LD3F,gurobi,1.0e-5,0.0041122210935369274,0.0031807139611708477,1
22,1,0.020798921585083008,60,OPTIMAL,70.40032154359645,rwls,1000.0,LD3F,gurobi,1.0e-5,0.004092970279597319,0.0032002197614676192,1
22,2,0.0073969364166259766,29,OPTIMAL,43.56369258395194,rwls,1000.0,LD3F,gurobi,1.0e-5,0.004095593940661613,0.003065830638367383,1
22,3,0.02879619598388672,100,OPTIMAL,94.0961058109052,rwls,1000.0,LD3F,gurobi,1.0e-5,0.004442707001287793,0.0032759200065895448,1
22,4,0.023379087448120117,56,OPTIMAL,62.7690772925786,rwls,1000.0,LD3F,gurobi,1.0e-5,0.004091986066052211,0.0032096431824519887,1
22,5,0.02342510223388672,63,OPTIMAL,66.77195631195046,rwls,1000.0,LD3F,gurobi,1.0e-5,0.004093664921897444,0.003197851584992056,1
22,6,0.02772998809814453,78,OPTIMAL,80.42591480505605,rwls,1000.0,LD3F,gurobi,1.0e-5,0.004120719567247244,0.00320570427431801,1
23,1,0.17783308029174805,195,OPTIMAL,187.96691056443174,rwls,1000.0,LD3F,gurobi,1.0e-5,0.004329874875416362,0.003259746621747411,1
23,2,0.045008182525634766,100,OPTIMAL,93.01233384234763,rwls,1000.0,LD3F,gurobi,1.0e-5,0.0040916359381053535,0.0031977645003848135,1
23,3,0.001566171646118164,6,OPTIMAL,28.891692359754032,rwls,1000.0,LD3F,gurobi,1.0e-5,0.004090986162399002,0.002248364712053974,1
23,4,0.11836910247802734,153,OPTIMAL,156.24125600446365,rwls,1000.0,LD3F,gurobi,1.0e-5,0.004128508397331032,0.0032113523275963283,1
23,5,0.03573298454284668,84,OPTIMAL,88.5489450829868,rwls,1000.0,LD3F,gurobi,1.0e-5,0.0041435775170481914,0.0032354997215777665,1
25,1,0.007866859436035156,26,OPTIMAL,41.32549726919998,rwls,1000.0,LD3F,gurobi,1.0e-5,0.004325797416761312,0.0031225311451073645,1
25,2,0.013932943344116211,40,OPTIMAL,55.34173692490275,rwls,1000.0,LD3F,gurobi,1.0e-5,0.004180796648019625,0.0032112988048874397,1
25,3,0.00927591323852539,29,OPTIMAL,43.24842545305033,rwls,1000.0,LD3F,gurobi,1.0e-5,0.004242148187035277,0.003082848633669994,1
1,1,0.08679509162902832,118,OPTIMAL,105.91393325546241,rwls,10000.0,LD3F,gurobi,1.0e-5,0.004109743142223676,0.003241306886338596,1
1,2,0.022750139236450195,67,OPTIMAL,69.87623496119565,rwls,10000.0,LD3F,gurobi,1.0e-5,0.004094147875168153,0.003189401305458454,1
1,3,0.04336118698120117,82,OPTIMAL,79.75251294834466,rwls,10000.0,LD3F,gurobi,1.0e-5,0.004098484266720659,0.003272020622786727,1
1,4,0.13263320922851562,157,OPTIMAL,135.88245969427282,rwls,10000.0,LD3F,gurobi,1.0e-5,0.004095469695267306,0.0032519224085194825,1
2,1,0.33624887466430664,364,OPTIMAL,286.5967596951467,rwls,10000.0,LD3F,gurobi,1.0e-5,0.0041109883220404875,0.0032800623231629407,1
2,2,0.33441996574401855,283,OPTIMAL,236.0877854600689,rwls,10000.0,LD3F,gurobi,1.0e-5,0.004120105702854593,0.0032574511427879804,1
2,3,0.19383502006530762,232,OPTIMAL,190.60133765403657,rwls,10000.0,LD3F,gurobi,1.0e-5,0.004113119643379015,0.003259183194776554,1
2,4,0.2045450210571289,247,OPTIMAL,192.3652367182022,rwls,10000.0,LD3F,gurobi,1.0e-5,0.004162652413877366,0.003281785718063724,1
2,5,0.01595592498779297,53,OPTIMAL,57.900623587517366,rwls,10000.0,LD3F,gurobi,1.0e-5,0.004092897206460222,0.0032405926582694364,1
3,1,0.16694903373718262,191,OPTIMAL,163.34306123449227,rwls,10000.0,LD3F,gurobi,1.0e-5,0.004142909444954768,0.0032637420024795682,1
3,2,0.09695601463317871,141,OPTIMAL,125.78998780272036,rwls,10000.0,LD3F,gurobi,1.0e-5,0.004160488244931537,0.003256745557564707,1
3,3,0.2011709213256836,208,OPTIMAL,174.29068116953488,rwls,10000.0,LD3F,gurobi,1.0e-5,0.004308996990136871,0.0032903746322537463,1
3,4,0.04295206069946289,79,OPTIMAL,80.43511262128064,rwls,10000.0,LD3F,gurobi,1.0e-5,0.004161685802865689,0.0032163321962615644,1
3,5,0.01781487464904785,44,OPTIMAL,53.823107305122996,rwls,10000.0,LD3F,gurobi,1.0e-5,0.004114996078969035,0.003253525244260872,1
3,6,0.06764984130859375,103,OPTIMAL,98.83513123340713,rwls,10000.0,LD3F,gurobi,1.0e-5,0.004099125684438487,0.0032254360492172257,1
4,1,0.019984960556030273,54,OPTIMAL,58.50196286651568,rwls,10000.0,LD3F,gurobi,1.0e-5,0.004104719255340505,0.0032195112110665366,1
4,2,0.013493061065673828,36,OPTIMAL,47.22984802114057,rwls,10000.0,LD3F,gurobi,1.0e-5,0.004092031418155395,0.0031333991145773214,1
4,3,0.011803865432739258,40,OPTIMAL,48.92515900124478,rwls,10000.0,LD3F,gurobi,1.0e-5,0.004615546984275021,0.0032127248753711923,1
4,4,0.1561720371246338,180,OPTIMAL,149.86300295790778,rwls,10000.0,LD3F,gurobi,1.0e-5,0.004092884963378118,0.0032641941637244717,1
4,5,0.01707601547241211,45,OPTIMAL,54.375718556513846,rwls,10000.0,LD3F,gurobi,1.0e-5,0.004099324685567174,0.0031280007818681667,1
4,6,0.024493932723999023,60,OPTIMAL,60.6982946446402,rwls,10000.0,LD3F,gurobi,1.0e-5,0.004092447293599921,0.0031976388565366585,1
5,1,0.002507925033569336,12,OPTIMAL,30.916436230821887,rwls,10000.0,LD3F,gurobi,1.0e-5,0.004090986162399002,0.0028277029912220056,1
5,2,0.01569199562072754,40,OPTIMAL,52.05787905766587,rwls,10000.0,LD3F,gurobi,1.0e-5,0.0040912883235479924,0.00313741056793935,1
5,3,0.30946898460388184,317,OPTIMAL,253.55763055575372,rwls,10000.0,LD3F,gurobi,1.0e-5,0.004199697655701717,0.0032940120116689594,1
5,4,0.024055004119873047,65,OPTIMAL,68.59856990830619,rwls,10000.0,LD3F,gurobi,1.0e-5,0.004093399060821401,0.00318678026924468,1
5,5,0.06212902069091797,104,OPTIMAL,96.40678868172922,rwls,10000.0,LD3F,gurobi,1.0e-5,0.004107784189204322,0.0032169823147663625,1
5,6,0.013422966003417969,38,OPTIMAL,49.480541224159005,rwls,10000.0,LD3F,gurobi,1.0e-5,0.004102653413902035,0.0031419126488171608,1
5,7,0.01872420310974121,48,OPTIMAL,58.02611414064323,rwls,10000.0,LD3F,gurobi,1.0e-5,0.004092673168692329,0.0031694129940291107,1
5,8,0.045979976654052734,84,OPTIMAL,81.14423661942311,rwls,10000.0,LD3F,gurobi,1.0e-5,0.00412417403759191,0.003214976630958445,1
6,1,0.21865010261535645,201,OPTIMAL,197.56513880011025,rwls,10000.0,LD3F,gurobi,1.0e-5,0.0042092459547309335,0.0032832560941984936,1
6,2,0.05068683624267578,89,OPTIMAL,104.48319415432822,rwls,10000.0,LD3F,gurobi,1.0e-5,0.004178125431602897,0.003227787252459979,1
7,1,0.0915830135345459,139,OPTIMAL,127.36914918532923,rwls,10000.0,LD3F,gurobi,1.0e-5,0.004121812382173573,0.00328627283899856,1
7,2,0.07953906059265137,121,OPTIMAL,110.08674943095177,rwls,10000.0,LD3F,gurobi,1.0e-5,0.004101185389403961,0.003237985734680637,1
7,3,0.05783390998840332,107,OPTIMAL,100.03413612623403,rwls,10000.0,LD3F,gurobi,1.0e-5,0.004400171574716616,0.0032315502151712638,1
7,4,0.5234317779541016,358,OPTIMAL,305.43372603319057,rwls,10000.0,LD3F,gurobi,1.0e-5,0.004312486581905084,0.0032788363288631397,1
7,5,0.06515908241271973,127,OPTIMAL,118.57329320996912,rwls,10000.0,LD3F,gurobi,1.0e-5,0.004106750647549173,0.0032336806146126755,1
7,6,0.011003971099853516,29,OPTIMAL,57.74878559459192,rwls,10000.0,LD3F,gurobi,1.0e-5,0.004242943657499443,0.0032242547157446595,1
7,7,0.014732837677001953,39,OPTIMAL,55.94521729243091,rwls,10000.0,LD3F,gurobi,1.0e-5,0.00409113796524796,0.0032698326940142014,1
9,1,0.12886810302734375,172,OPTIMAL,150.25030758876653,rwls,10000.0,LD3F,gurobi,1.0e-5,0.004328487539654091,0.003269477821199226,1
9,2,0.007750988006591797,25,OPTIMAL,53.882607072986886,rwls,10000.0,LD3F,gurobi,1.0e-5,0.004178545494872399,0.0032082068864110447,1
9,3,0.006815195083618164,24,OPTIMAL,52.43409141934089,rwls,10000.0,LD3F,gurobi,1.0e-5,0.004178916102124841,0.0032044733173052587,1
9,4,0.008108139038085938,25,OPTIMAL,53.86348704514419,rwls,10000.0,LD3F,gurobi,1.0e-5,0.004177975803031142,0.0032087084979351694,1
9,5,0.2718181610107422,252,OPTIMAL,207.92405391500137,rwls,10000.0,LD3F,gurobi,1.0e-5,0.0041667849249587,0.003275523442485542,1
9,6,0.009267091751098633,27,OPTIMAL,55.46398911143622,rwls,10000.0,LD3F,gurobi,1.0e-5,0.0040927412110367545,0.0031515000733717147,1
10,1,0.010818958282470703,30,OPTIMAL,54.49714738137677,rwls,10000.0,LD3F,gurobi,1.0e-5,0.004196713397391472,0.0030670320321670866,1
10,2,0.0033860206604003906,16,OPTIMAL,39.78203013970824,rwls,10000.0,LD3F,gurobi,1.0e-5,0.004090986162399002,0.0024383505780238893,1
10,3,0.012407064437866211,46,OPTIMAL,43.21815565479835,rwls,10000.0,LD3F,gurobi,1.0e-5,0.004125995827855222,0.0031116776319775356,1
10,4,0.006049156188964844,23,OPTIMAL,34.58453341768248,rwls,10000.0,LD3F,gurobi,1.0e-5,0.004091168315426774,0.0028004582410122232,1
10,5,0.006827831268310547,24,OPTIMAL,37.869394484074164,rwls,10000.0,LD3F,gurobi,1.0e-5,0.0041041994806882975,0.002959883311953415,1
10,6,0.004129886627197266,19,OPTIMAL,31.91406418490557,rwls,10000.0,LD3F,gurobi,1.0e-5,0.004098480555312145,0.0028822586229512617,1
11,1,0.014592885971069336,42,OPTIMAL,67.70256242076371,rwls,10000.0,LD3F,gurobi,1.0e-5,0.004161717075546356,0.0032679604776559026,1
11,2,0.002476930618286133,10,OPTIMAL,27.38889509452788,rwls,10000.0,LD3F,gurobi,1.0e-5,0.004090986162399002,0.002764318387144227,1
11,3,0.02772808074951172,65,OPTIMAL,72.78892147423844,rwls,10000.0,LD3F,gurobi,1.0e-5,0.0040980188319899025,0.0031891612041396768,1
11,4,0.06480598449707031,114,OPTIMAL,113.13167669432403,rwls,10000.0,LD3F,gurobi,1.0e-5,0.004155243921567298,0.0032467893959423648,1
11,5,0.11541390419006348,157,OPTIMAL,151.61204710854767,rwls,10000.0,LD3F,gurobi,1.0e-5,0.004094704347723521,0.003257967287191711,1
12,1,0.3210299015045166,247,OPTIMAL,255.01002293692048,rwls,10000.0,LD3F,gurobi,1.0e-5,0.00542786419877872,0.0032882064035709637,1
12,2,0.1390829086303711,167,OPTIMAL,145.7527588309059,rwls,10000.0,LD3F,gurobi,1.0e-5,0.00418134227420186,0.0032884367868582995,1
12,3,0.15719103813171387,153,OPTIMAL,224.3837683587518,rwls,10000.0,LD3F,gurobi,1.0e-5,0.0041195676681375915,0.0032742653200690053,1
13,1,0.04454994201660156,89,OPTIMAL,94.38257149313014,rwls,10000.0,LD3F,gurobi,1.0e-5,0.004092301998176895,0.0031190228239197895,1
13,2,0.042801856994628906,82,OPTIMAL,77.66552652936278,rwls,10000.0,LD3F,gurobi,1.0e-5,0.0041123217792837785,0.0032168091868606166,1
13,3,0.001909017562866211,10,OPTIMAL,26.949603324099105,rwls,10000.0,LD3F,gurobi,1.0e-5,0.004090986162399002,0.002295778820045924,1
13,4,0.08890485763549805,182,OPTIMAL,22502.42383434412,rwls,10000.0,LD3F,gurobi,1.0e-5,0.10481408856433916,0.030356803775269517,1
15,1,0.1371300220489502,167,OPTIMAL,136.06884171808488,rwls,10000.0,LD3F,gurobi,1.0e-5,0.0041376576972662615,0.0032851372782172054,1
15,2,0.20219707489013672,200,OPTIMAL,184.63219657303264,rwls,10000.0,LD3F,gurobi,1.0e-5,0.0041141336182421995,0.0032497497322046863,1
15,3,0.3574349880218506,306,OPTIMAL,273.6025170843361,rwls,10000.0,LD3F,gurobi,1.0e-5,0.00413627390942195,0.0032897311939930948,1
15,4,0.34259510040283203,260,OPTIMAL,226.78032806796432,rwls,10000.0,LD3F,gurobi,1.0e-5,0.004155879077168301,0.003278877252060794,1
15,5,0.019665002822875977,49,OPTIMAL,57.42085206626464,rwls,10000.0,LD3F,gurobi,1.0e-5,0.0040910754798939575,0.0031901258252685773,1
15,6,0.0861670970916748,120,OPTIMAL,127.74919353331457,rwls,10000.0,LD3F,gurobi,1.0e-5,0.004209573448175297,0.0032525324494249762,1
15,7,0.05910301208496094,100,OPTIMAL,106.50458573269944,rwls,10000.0,LD3F,gurobi,1.0e-5,0.004289560691743022,0.0032838854593325345,1
16,1,0.03571295738220215,76,OPTIMAL,93.15448688899521,rwls,10000.0,LD3F,gurobi,1.0e-5,0.0043011607455767376,0.0032392200109991037,1
16,2,0.06983280181884766,150,OPTIMAL,135.006904333622,rwls,10000.0,LD3F,gurobi,1.0e-5,0.004483367410300421,0.0032520506303437636,1
16,3,0.07897114753723145,142,OPTIMAL,121.84621231822209,rwls,10000.0,LD3F,gurobi,1.0e-5,0.004098775855389203,0.003269371842300219,1
16,4,0.06931710243225098,127,OPTIMAL,110.01561574144262,rwls,10000.0,LD3F,gurobi,1.0e-5,0.004100509134536745,0.003242419247273792,1
17,1,0.30405497550964355,378,OPTIMAL,300.06201625923353,rwls,10000.0,LD3F,gurobi,1.0e-5,0.00412032804236806,0.0032888447446846815,1
17,2,0.0040130615234375,19,OPTIMAL,36.67178544113635,rwls,10000.0,LD3F,gurobi,1.0e-5,0.004091652049424077,0.0029936026603057473,1
17,3,0.05664396286010742,157,OPTIMAL,139.68709604388783,rwls,10000.0,LD3F,gurobi,1.0e-5,0.004094563016913133,0.003246512411402804,1
17,4,0.10804390907287598,215,OPTIMAL,180.69770182938473,rwls,10000.0,LD3F,gurobi,1.0e-5,0.005485723279279098,0.00328555822468534,1
17,5,0.3403339385986328,316,OPTIMAL,259.7710086360637,rwls,10000.0,LD3F,gurobi,1.0e-5,0.0042119886995406475,0.003288952763918223,1
17,6,0.2135939598083496,438,OPTIMAL,353.7945114080482,rwls,10000.0,LD3F,gurobi,1.0e-5,0.0041039457874931795,0.0032851651182906802,1
17,7,0.12104010581970215,221,OPTIMAL,203.24577243547796,rwls,10000.0,LD3F,gurobi,1.0e-5,0.004175492686808724,0.003277855940175601,1
18,1,0.041201114654541016,106,OPTIMAL,104.74147456354827,rwls,10000.0,LD3F,gurobi,1.0e-5,0.004136865396825673,0.0032790370896820394,1
18,2,0.017184019088745117,53,OPTIMAL,60.504862838995344,rwls,10000.0,LD3F,gurobi,1.0e-5,0.005379175253412916,0.003267993699645605,1
18,3,0.054274797439575195,110,OPTIMAL,98.9067057691056,rwls,10000.0,LD3F,gurobi,1.0e-5,0.004186314194308816,0.0032589972505607787,1
18,4,0.029143095016479492,74,OPTIMAL,75.08555271870122,rwls,10000.0,LD3F,gurobi,1.0e-5,0.004141513643600714,0.0032316568374554243,1
18,5,0.030573129653930664,88,OPTIMAL,87.83939736275165,rwls,10000.0,LD3F,gurobi,1.0e-5,0.004286521761543982,0.0032438355135305636,1
18,6,0.012307882308959961,46,OPTIMAL,57.053353423846204,rwls,10000.0,LD3F,gurobi,1.0e-5,0.004091801175108323,0.0031818874520160487,1
18,7,0.02040386199951172,58,OPTIMAL,65.97209195502305,rwls,10000.0,LD3F,gurobi,1.0e-5,0.0040992126584404875,0.0032123663309569736,1
18,8,0.017442941665649414,48,OPTIMAL,56.281688077296366,rwls,10000.0,LD3F,gurobi,1.0e-5,0.00423564122486586,0.003182998096543912,1
18,9,0.05317807197570801,98,OPTIMAL,106.85285736099641,rwls,10000.0,LD3F,gurobi,1.0e-5,0.00428571863612337,0.003304560783812884,1
19,1,0.05290794372558594,111,OPTIMAL,96.64480741152343,rwls,10000.0,LD3F,gurobi,1.0e-5,0.004116086110878658,0.003267557479325768,1
19,2,0.12282800674438477,214,OPTIMAL,188.77577691655816,rwls,10000.0,LD3F,gurobi,1.0e-5,0.00409349497336553,0.0032660882161066186,1
19,3,0.07437515258789062,138,OPTIMAL,122.80742495017128,rwls,10000.0,LD3F,gurobi,1.0e-5,0.004210882034306751,0.003231040610300052,1
19,4,0.036000967025756836,111,OPTIMAL,104.36597243372515,rwls,10000.0,LD3F,gurobi,1.0e-5,0.004092038293235012,0.0032469348539715796,1
19,5,0.07377886772155762,149,OPTIMAL,132.51405282080162,rwls,10000.0,LD3F,gurobi,1.0e-5,0.004150543668035578,0.0032299265550945326,1
20,1,0.009277105331420898,29,OPTIMAL,60.01349139233006,rwls,10000.0,LD3F,gurobi,1.0e-5,0.004219434404818534,0.0031904374344292963,1
20,2,0.024404048919677734,56,OPTIMAL,61.8973594292489,rwls,10000.0,LD3F,gurobi,1.0e-5,0.004172101764489122,0.003205456744058796,1
20,3,0.05595993995666504,94,OPTIMAL,113.41173127857671,rwls,10000.0,LD3F,gurobi,1.0e-5,0.00433963458655362,0.0032089664962855384,1
20,4,0.010152101516723633,32,OPTIMAL,66.08473070529723,rwls,10000.0,LD3F,gurobi,1.0e-5,0.004090986162399002,0.0032319200399833436,1
20,5,0.008202075958251953,26,OPTIMAL,57.9306526240451,rwls,10000.0,LD3F,gurobi,1.0e-5,0.004196690481326426,0.003221281293096953,1
21,1,0.017385005950927734,51,OPTIMAL,55.06126527265601,rwls,10000.0,LD3F,gurobi,1.0e-5,0.004186697577482468,0.003262510018014745,1
21,2,0.015974998474121094,50,OPTIMAL,58.2692446133845,rwls,10000.0,LD3F,gurobi,1.0e-5,0.004096132005302122,0.003100833780349195,1
21,3,0.06803202629089355,132,OPTIMAL,124.06269223668656,rwls,10000.0,LD3F,gurobi,1.0e-5,0.004128530879500936,0.0032564542285205386,1
21,4,0.01397705078125,42,OPTIMAL,50.120201925294715,rwls,10000.0,LD3F,gurobi,1.0e-5,0.004093206720195752,0.0032356819504592176,1
21,5,0.023766040802001953,62,OPTIMAL,64.37633587904304,rwls,10000.0,LD3F,gurobi,1.0e-5,0.0041122210935369274,0.0031807139611708477,1
22,1,0.02078700065612793,60,OPTIMAL,70.40032154359645,rwls,10000.0,LD3F,gurobi,1.0e-5,0.004092970279597319,0.0032002197614676192,1
22,2,0.007268190383911133,29,OPTIMAL,43.56369258395194,rwls,10000.0,LD3F,gurobi,1.0e-5,0.004095593940661613,0.003065830638367383,1
22,3,0.028647899627685547,100,OPTIMAL,94.0961058109052,rwls,10000.0,LD3F,gurobi,1.0e-5,0.004442707001287793,0.0032759200065895448,1
22,4,0.02344989776611328,56,OPTIMAL,62.7690772925786,rwls,10000.0,LD3F,gurobi,1.0e-5,0.004091986066052211,0.0032096431824519887,1
22,5,0.0234220027923584,63,OPTIMAL,66.77195631195046,rwls,10000.0,LD3F,gurobi,1.0e-5,0.004093664921897444,0.003197851584992056,1
22,6,0.027409076690673828,78,OPTIMAL,80.42591480505605,rwls,10000.0,LD3F,gurobi,1.0e-5,0.004120719567247244,0.00320570427431801,1
23,1,0.17777013778686523,195,OPTIMAL,187.96691056443174,rwls,10000.0,LD3F,gurobi,1.0e-5,0.004329874875416362,0.003259746621747411,1
23,2,0.04628396034240723,100,OPTIMAL,93.01233384234763,rwls,10000.0,LD3F,gurobi,1.0e-5,0.0040916359381053535,0.0031977645003848135,1
23,3,0.0015659332275390625,6,OPTIMAL,28.891692359754032,rwls,10000.0,LD3F,gurobi,1.0e-5,0.004090986162399002,0.002248364712053974,1
23,4,0.11869692802429199,153,OPTIMAL,156.24125600446365,rwls,10000.0,LD3F,gurobi,1.0e-5,0.004128508397331032,0.0032113523275963283,1
23,5,0.035214900970458984,84,OPTIMAL,88.5489450829868,rwls,10000.0,LD3F,gurobi,1.0e-5,0.0041435775170481914,0.0032354997215777665,1
25,1,0.008116960525512695,26,OPTIMAL,41.32549726919998,rwls,10000.0,LD3F,gurobi,1.0e-5,0.004325797416761312,0.0031225311451073645,1
25,2,0.013992071151733398,40,OPTIMAL,55.34173692490275,rwls,10000.0,LD3F,gurobi,1.0e-5,0.004180796648019625,0.0032112988048874397,1
25,3,0.009099960327148438,29,OPTIMAL,43.24842545305033,rwls,10000.0,LD3F,gurobi,1.0e-5,0.004242148187035277,0.003082848633669994,1
1,1,0.07923412322998047,118,OPTIMAL,139.66828847298734,rwls,100.0,LD3F,gurobi,1.0e-5,0.0024419232857628703,0.0010855331614201445,2
1,2,0.02322983741760254,67,OPTIMAL,81.71571894858145,rwls,100.0,LD3F,gurobi,1.0e-5,0.002444259796101189,0.0010705881679407832,2
1,3,0.040589094161987305,82,OPTIMAL,100.82077168757351,rwls,100.0,LD3F,gurobi,1.0e-5,0.002444474163199928,0.0010854667080766882,2
1,4,0.1335430145263672,157,OPTIMAL,187.0826758126535,rwls,100.0,LD3F,gurobi,1.0e-5,0.0024452448106107028,0.0010882785964818605,2
2,1,0.3753209114074707,364,OPTIMAL,426.17629138078587,rwls,100.0,LD3F,gurobi,1.0e-5,0.0024479433805399964,0.0010886762804494972,2
2,2,0.3085610866546631,283,OPTIMAL,346.86196369452426,rwls,100.0,LD3F,gurobi,1.0e-5,0.002447208844615467,0.001087451023007842,2
2,3,0.17258620262145996,232,OPTIMAL,275.41866473601914,rwls,100.0,LD3F,gurobi,1.0e-5,0.0024754845529946223,0.0010880180868138212,2
2,4,0.16275906562805176,247,OPTIMAL,282.531894790243,rwls,100.0,LD3F,gurobi,1.0e-5,0.0024490892278337117,0.0010861665803086641,2
2,5,0.015145063400268555,53,OPTIMAL,62.747123671085085,rwls,100.0,LD3F,gurobi,1.0e-5,0.0024411719628676387,0.0010540614367477543,2
3,1,0.17461419105529785,191,OPTIMAL,231.96613240968057,rwls,100.0,LD3F,gurobi,1.0e-5,0.0024449258694678733,0.0010888678966279198,2
3,2,0.08897089958190918,141,OPTIMAL,171.02628420831135,rwls,100.0,LD3F,gurobi,1.0e-5,0.0024600194728281455,0.001086054565309887,2
3,3,0.2082228660583496,208,OPTIMAL,247.25564966713566,rwls,100.0,LD3F,gurobi,1.0e-5,0.002444606527411297,0.0010931786214623319,2
3,4,0.04619908332824707,79,OPTIMAL,98.53692523733363,rwls,100.0,LD3F,gurobi,1.0e-5,0.0024417272885115526,0.0010788099499156377,2
3,5,0.019242048263549805,44,OPTIMAL,58.1236444576302,rwls,100.0,LD3F,gurobi,1.0e-5,0.0024567129054620107,0.0010583699241793307,2
3,6,0.05373406410217285,103,OPTIMAL,125.07006247736135,rwls,100.0,LD3F,gurobi,1.0e-5,0.002441837259806512,0.0010885738871702876,2
4,1,0.02065420150756836,54,OPTIMAL,65.2973267584178,rwls,100.0,LD3F,gurobi,1.0e-5,0.002466284861299517,0.0010677297682490385,2
4,2,0.014326095581054688,36,OPTIMAL,46.07745608132479,rwls,100.0,LD3F,gurobi,1.0e-5,0.002442105859291166,0.001079997987142661,2
4,3,0.015751123428344727,40,OPTIMAL,48.596678534754986,rwls,100.0,LD3F,gurobi,1.0e-5,0.00244079034413347,0.001040963780371933,2
4,4,0.15352392196655273,180,OPTIMAL,208.68421620720585,rwls,100.0,LD3F,gurobi,1.0e-5,0.0024732907111029157,0.0010900521998805967,2
4,5,0.018460988998413086,45,OPTIMAL,55.70607685177221,rwls,100.0,LD3F,gurobi,1.0e-5,0.0024491444392362727,0.0010565748511880471,2
4,6,0.026672840118408203,60,OPTIMAL,67.55321791460334,rwls,100.0,LD3F,gurobi,1.0e-5,0.0024428442425707964,0.0010860088830636518,2
5,1,0.002416849136352539,12,OPTIMAL,18.82653604195993,rwls,100.0,LD3F,gurobi,1.0e-5,0.0024405118836137163,0.000972665320579747,2
5,2,0.013045072555541992,40,OPTIMAL,51.64152932302671,rwls,100.0,LD3F,gurobi,1.0e-5,0.002445189407101811,0.001060160870573242,2
5,3,0.3272221088409424,317,OPTIMAL,379.16003135186764,rwls,100.0,LD3F,gurobi,1.0e-5,0.002466359181130695,0.0010903445502042713,2
5,4,0.02884984016418457,65,OPTIMAL,79.63995876328559,rwls,100.0,LD3F,gurobi,1.0e-5,0.002443043345818241,0.0010663987400766253,2
5,5,0.0568850040435791,104,OPTIMAL,125.01728865319055,rwls,100.0,LD3F,gurobi,1.0e-5,0.002457832384723302,0.0010860022809454461,2
5,6,0.012064933776855469,38,OPTIMAL,48.54690351240755,rwls,100.0,LD3F,gurobi,1.0e-5,0.0024733070166000903,0.0010531427034368216,2
5,7,0.020102977752685547,48,OPTIMAL,62.891019583872115,rwls,100.0,LD3F,gurobi,1.0e-5,0.0024415689036469956,0.0010816617581403953,2
5,8,0.045004844665527344,84,OPTIMAL,98.99336547257526,rwls,100.0,LD3F,gurobi,1.0e-5,0.0024432949784949365,0.001079913577325357,2
6,1,0.21675920486450195,201,OPTIMAL,286.9766956029573,rwls,100.0,LD3F,gurobi,1.0e-5,0.002491091397715417,0.0010904359625120467,2
6,2,0.04500102996826172,89,OPTIMAL,137.20356294600896,rwls,100.0,LD3F,gurobi,1.0e-5,0.0024606716482546975,0.0010849175170153122,2
7,1,0.09050798416137695,139,OPTIMAL,177.74068871099834,rwls,100.0,LD3F,gurobi,1.0e-5,0.0024803464257678876,0.0010867726822932906,2
7,2,0.07067608833312988,121,OPTIMAL,146.14814398834682,rwls,100.0,LD3F,gurobi,1.0e-5,0.002459798027281801,0.0010844713962031999,2
7,3,0.05973315238952637,107,OPTIMAL,128.20067510267845,rwls,100.0,LD3F,gurobi,1.0e-5,0.002895330106850169,0.0010901255055610745,2
7,4,0.47684311866760254,358,OPTIMAL,456.92096325337064,rwls,100.0,LD3F,gurobi,1.0e-5,0.00269295195098207,0.0010846416785640722,2
7,5,0.06975293159484863,127,OPTIMAL,155.8250079521784,rwls,100.0,LD3F,gurobi,1.0e-5,0.002729151423013443,0.0010823707894260714,2
7,6,0.01193690299987793,29,OPTIMAL,62.71627856102198,rwls,100.0,LD3F,gurobi,1.0e-5,0.0024601833559170228,0.0010689942066184612,2
7,7,0.014390945434570312,39,OPTIMAL,60.21664363614309,rwls,100.0,LD3F,gurobi,1.0e-5,0.002440998577172282,0.0010877121207519558,2
9,1,0.12493300437927246,172,OPTIMAL,210.7479622217977,rwls,100.0,LD3F,gurobi,1.0e-5,0.0024617507573141406,0.0010823944737897609,2
9,2,0.00845789909362793,25,OPTIMAL,57.85255816567652,rwls,100.0,LD3F,gurobi,1.0e-5,0.0024420655445482886,0.0010670170693265406,2
9,3,0.007993936538696289,24,OPTIMAL,55.46703405209487,rwls,100.0,LD3F,gurobi,1.0e-5,0.002441839322309347,0.0010630898438801094,2
9,4,0.007879972457885742,25,OPTIMAL,57.85189904564656,rwls,100.0,LD3F,gurobi,1.0e-5,0.0024418633394291955,0.0010635728251449036,2
9,5,0.290722131729126,252,OPTIMAL,303.68437186504576,rwls,100.0,LD3F,gurobi,1.0e-5,0.0024563060370443868,0.0010898445196833955,2
9,6,0.009234905242919922,27,OPTIMAL,60.25699843188733,rwls,100.0,LD3F,gurobi,1.0e-5,0.002442056709873075,0.0010555189190118584,2
10,1,0.010812997817993164,30,OPTIMAL,57.91008516478098,rwls,100.0,LD3F,gurobi,1.0e-5,0.0024405747517786125,0.0010224637383904494,2
10,2,0.003386974334716797,16,OPTIMAL,21.403714241663224,rwls,100.0,LD3F,gurobi,1.0e-5,0.0024454427724924788,0.0009771109131514303,2
10,3,0.012160778045654297,46,OPTIMAL,43.28317489192537,rwls,100.0,LD3F,gurobi,1.0e-5,0.0024465555274157946,0.0009896311411489054,2
10,4,0.00574803352355957,23,OPTIMAL,24.60371590163712,rwls,100.0,LD3F,gurobi,1.0e-5,0.0024888241966336544,0.0009878781162767894,2
10,5,0.0071599483489990234,24,OPTIMAL,33.81888392764414,rwls,100.0,LD3F,gurobi,1.0e-5,0.0024425568691874844,0.0009298179010976759,2
10,6,0.004238128662109375,19,OPTIMAL,19.90356103371397,rwls,100.0,LD3F,gurobi,1.0e-5,0.0024451320956242473,0.00095034965190609,2
11,1,0.016349077224731445,42,OPTIMAL,81.52946887476948,rwls,100.0,LD3F,gurobi,1.0e-5,0.0024489666270297583,0.0010652395958057408,2
11,2,0.0025091171264648438,10,OPTIMAL,15.266285913790695,rwls,100.0,LD3F,gurobi,1.0e-5,0.0024405118836133832,0.0009822888344634998,2
11,3,0.023932933807373047,65,OPTIMAL,86.68399857164692,rwls,100.0,LD3F,gurobi,1.0e-5,0.002441686868671855,0.0010732052704580015,2
11,4,0.07597208023071289,114,OPTIMAL,153.26086519785386,rwls,100.0,LD3F,gurobi,1.0e-5,0.0024443818516299842,0.001079559956362442,2
11,5,0.12185502052307129,157,OPTIMAL,213.058507299165,rwls,100.0,LD3F,gurobi,1.0e-5,0.0024445407550424125,0.0010864061098372433,2
12,1,0.2914271354675293,247,OPTIMAL,382.1384511313741,rwls,100.0,LD3F,gurobi,1.0e-5,0.0024567860464488334,0.0010865721758053738,2
12,2,0.15082406997680664,167,OPTIMAL,205.66924351339188,rwls,100.0,LD3F,gurobi,1.0e-5,0.002478809017777639,0.00108854556537982,2
12,3,0.162276029586792,153,OPTIMAL,231.8841810990406,rwls,100.0,LD3F,gurobi,1.0e-5,0.0030231981960866516,0.0011024097635076678,2
13,1,0.04629015922546387,89,OPTIMAL,117.8052960036982,rwls,100.0,LD3F,gurobi,1.0e-5,0.002449233169839804,0.0010636040933321733,2
13,2,0.034954071044921875,82,OPTIMAL,96.04273908540938,rwls,100.0,LD3F,gurobi,1.0e-5,0.0024491859324207166,0.001063690671602824,2
13,3,0.002084016799926758,10,OPTIMAL,13.25224864573654,rwls,100.0,LD3F,gurobi,1.0e-5,0.0024405118836134942,0.0008396574168159865,2
13,4,0.08369898796081543,182,OPTIMAL,23408.716072085695,rwls,100.0,LD3F,gurobi,1.0e-5,0.10481408856433916,0.028825376946127516,2
15,1,0.13698196411132812,167,OPTIMAL,191.15986999372672,rwls,100.0,LD3F,gurobi,1.0e-5,0.002445031213015092,0.0010869782033477127,2
15,2,0.1964709758758545,200,OPTIMAL,265.95665658475053,rwls,100.0,LD3F,gurobi,1.0e-5,0.002449454703847387,0.0010772214299811394,2
15,3,0.4294850826263428,306,OPTIMAL,411.0262152176966,rwls,100.0,LD3F,gurobi,1.0e-5,0.002458525774526432,0.0010913932618666785,2
15,4,0.30460596084594727,260,OPTIMAL,337.14166556813666,rwls,100.0,LD3F,gurobi,1.0e-5,0.002469224846918028,0.0010900642017379687,2
15,5,0.01669001579284668,49,OPTIMAL,62.994535229555865,rwls,100.0,LD3F,gurobi,1.0e-5,0.002444968330141961,0.0010954255784853535,2
15,6,0.07953500747680664,120,OPTIMAL,171.9992037782204,rwls,100.0,LD3F,gurobi,1.0e-5,0.002445217610153927,0.0010838970552203915,2
15,7,0.059385061264038086,100,OPTIMAL,138.01573639575227,rwls,100.0,LD3F,gurobi,1.0e-5,0.0024641512786935937,0.001097146491109753,2
16,1,0.02997303009033203,76,OPTIMAL,102.42950081667415,rwls,100.0,LD3F,gurobi,1.0e-5,0.002559194764713224,0.0010938545356159574,2
16,2,0.06880784034729004,150,OPTIMAL,181.97500121066855,rwls,100.0,LD3F,gurobi,1.0e-5,0.0024919183349814134,0.0010928009485826691,2
16,3,0.0973501205444336,142,OPTIMAL,169.71085765828323,rwls,100.0,LD3F,gurobi,1.0e-5,0.0024706638143376924,0.0010812855293577102,2
16,4,0.07744503021240234,127,OPTIMAL,146.2252608635706,rwls,100.0,LD3F,gurobi,1.0e-5,0.0024442776504860486,0.0010870590077193564,2
17,1,0.2969329357147217,378,OPTIMAL,455.9827801364974,rwls,100.0,LD3F,gurobi,1.0e-5,0.002456603261514534,0.0010936535754054587,2
17,2,0.004156827926635742,19,OPTIMAL,27.13221121742226,rwls,100.0,LD3F,gurobi,1.0e-5,0.002440608887140927,0.0010305785233805567,2
17,3,0.06126809120178223,157,OPTIMAL,193.856258607313,rwls,100.0,LD3F,gurobi,1.0e-5,0.002449350022123209,0.001093965540177132,2
17,4,0.10353994369506836,215,OPTIMAL,260.6380685996169,rwls,100.0,LD3F,gurobi,1.0e-5,0.0024733852181331173,0.0010896603858306475,2
17,5,0.3007810115814209,316,OPTIMAL,386.9131648545039,rwls,100.0,LD3F,gurobi,1.0e-5,0.002446152240013433,0.00109448753345593,2
17,6,0.19308209419250488,438,OPTIMAL,539.9204734668098,rwls,100.0,LD3F,gurobi,1.0e-5,0.002465129474351624,0.0010955421637437218,2
17,7,0.1283259391784668,221,OPTIMAL,296.71438467621186,rwls,100.0,LD3F,gurobi,1.0e-5,0.002509615195116277,0.0010876567354517962,2
18,1,0.04024195671081543,106,OPTIMAL,141.89493175429988,rwls,100.0,LD3F,gurobi,1.0e-5,0.0024513486447717003,0.0010975174626490808,2
18,2,0.01624608039855957,53,OPTIMAL,65.70832622904042,rwls,100.0,LD3F,gurobi,1.0e-5,0.0024722995859312036,0.001097420321781562,2
18,3,0.049690961837768555,110,OPTIMAL,129.3036343858263,rwls,100.0,LD3F,gurobi,1.0e-5,0.0024439762507044716,0.0010832881666371411,2
18,4,0.031050920486450195,74,OPTIMAL,89.90271241990213,rwls,100.0,LD3F,gurobi,1.0e-5,0.0024451002957568413,0.0010857041656260355,2
18,5,0.028282880783081055,88,OPTIMAL,109.75569778087022,rwls,100.0,LD3F,gurobi,1.0e-5,0.002639207710235514,0.0010978320215510823,2
18,6,0.011933088302612305,46,OPTIMAL,60.47426896045601,rwls,100.0,LD3F,gurobi,1.0e-5,0.0024627433934696352,0.0010635497182510667,2
18,7,0.020057201385498047,58,OPTIMAL,75.33403486737436,rwls,100.0,LD3F,gurobi,1.0e-5,0.0024712311113408436,0.001077350513634772,2
18,8,0.01534891128540039,48,OPTIMAL,58.69053101570041,rwls,100.0,LD3F,gurobi,1.0e-5,0.002441360096359202,0.001060778093394178,2
18,9,0.05420994758605957,98,OPTIMAL,131.63581124307464,rwls,100.0,LD3F,gurobi,1.0e-5,0.002501922107930765,0.0010725020055690065,2
19,1,0.05885505676269531,111,OPTIMAL,127.10622559291221,rwls,100.0,LD3F,gurobi,1.0e-5,0.0024577352311994094,0.0010827893932515305,2
19,2,0.13007402420043945,214,OPTIMAL,272.8908728690922,rwls,100.0,LD3F,gurobi,1.0e-5,0.002444243916864375,0.0010882363371318901,2
19,3,0.07454180717468262,138,OPTIMAL,164.73759883132314,rwls,100.0,LD3F,gurobi,1.0e-5,0.002476869156813999,0.0010805106020560051,2
19,4,0.03550291061401367,111,OPTIMAL,136.8824774179305,rwls,100.0,LD3F,gurobi,1.0e-5,0.002451453075044019,0.0010860589693415686,2
19,5,0.0701150894165039,149,OPTIMAL,182.0949174362093,rwls,100.0,LD3F,gurobi,1.0e-5,0.0024637892028525066,0.0010931427034086914,2
20,1,0.009838104248046875,29,OPTIMAL,67.41624357051879,rwls,100.0,LD3F,gurobi,1.0e-5,0.002442255065964405,0.0010592003946247616,2
20,2,0.02697300910949707,56,OPTIMAL,70.06205159114658,rwls,100.0,LD3F,gurobi,1.0e-5,0.00250033219994239,0.0010643380995368293,2
20,3,0.05217909812927246,94,OPTIMAL,149.30288899477813,rwls,100.0,LD3F,gurobi,1.0e-5,0.0024607796801789927,0.0010682551247910915,2
20,4,0.011380910873413086,32,OPTIMAL,77.006038727809,rwls,100.0,LD3F,gurobi,1.0e-5,0.0024425003130210676,0.0010759201512436669,2
20,5,0.009081125259399414,26,OPTIMAL,62.82146313398246,rwls,100.0,LD3F,gurobi,1.0e-5,0.0024405118836134942,0.0010650640142021467,2
21,1,0.02090311050415039,51,OPTIMAL,60.18525505316433,rwls,100.0,LD3F,gurobi,1.0e-5,0.0024504592368934652,0.0010690397319253878,2
21,2,0.01599907875061035,50,OPTIMAL,62.86020082096776,rwls,100.0,LD3F,gurobi,1.0e-5,0.0024423386060736796,0.0010612011388371526,2
21,3,0.056645870208740234,132,OPTIMAL,167.89637233830277,rwls,100.0,LD3F,gurobi,1.0e-5,0.002441348289919487,0.0010889146163961668,2
21,4,0.013508081436157227,42,OPTIMAL,50.77962849708277,rwls,100.0,LD3F,gurobi,1.0e-5,0.0024565545393173682,0.0010814066741300754,2
21,5,0.021945953369140625,62,OPTIMAL,72.42856801277874,rwls,100.0,LD3F,gurobi,1.0e-5,0.00244886555487156,0.0010760093123492423,2
22,1,0.025384187698364258,60,OPTIMAL,82.73697771470395,rwls,100.0,LD3F,gurobi,1.0e-5,0.002534038853455378,0.001071241715792754,2
22,2,0.00739288330078125,29,OPTIMAL,39.36078592405807,rwls,100.0,LD3F,gurobi,1.0e-5,0.002443515825010012,0.0010577793763044813,2
22,3,0.029445171356201172,100,OPTIMAL,122.0565665850355,rwls,100.0,LD3F,gurobi,1.0e-5,0.0026342094097304702,0.0010806638690168454,2
22,4,0.020938873291015625,56,OPTIMAL,70.0304372531583,rwls,100.0,LD3F,gurobi,1.0e-5,0.0024452643826811116,0.0010832823070475702,2
22,5,0.022207975387573242,63,OPTIMAL,77.30303210496109,rwls,100.0,LD3F,gurobi,1.0e-5,0.002454397241760775,0.0010888649858824247,2
22,6,0.03236889839172363,78,OPTIMAL,96.18514412393847,rwls,100.0,LD3F,gurobi,1.0e-5,0.002457230982375158,0.0010941810270826853,2
23,1,0.15980911254882812,195,OPTIMAL,272.5131383428891,rwls,100.0,LD3F,gurobi,1.0e-5,0.0024653847879323454,0.0010794143810465631,2
23,2,0.044998884201049805,100,OPTIMAL,117.97450982757132,rwls,100.0,LD3F,gurobi,1.0e-5,0.0024524179849523264,0.0010702621657049907,2
23,3,0.0017440319061279297,6,OPTIMAL,12.550362768876015,rwls,100.0,LD3F,gurobi,1.0e-5,0.0024405118836134942,0.0009457536123531371,2
23,4,0.11645913124084473,153,OPTIMAL,220.5801642930392,rwls,100.0,LD3F,gurobi,1.0e-5,0.002467748127032099,0.0010734796725726868,2
23,5,0.03471016883850098,84,OPTIMAL,110.97398868809864,rwls,100.0,LD3F,gurobi,1.0e-5,0.002539383460431699,0.0010807372756364128,2
25,1,0.008349895477294922,26,OPTIMAL,34.8839526346871,rwls,100.0,LD3F,gurobi,1.0e-5,0.002442643683047141,0.0010629045618432626,2
25,2,0.013094902038574219,40,OPTIMAL,52.64743208475384,rwls,100.0,LD3F,gurobi,1.0e-5,0.0025352674746509374,0.00106769700710924,2
25,3,0.00875711441040039,29,OPTIMAL,38.91430116773506,rwls,100.0,LD3F,gurobi,1.0e-5,0.002441519200160336,0.0010460468270389696,2
1,1,0.08038997650146484,118,OPTIMAL,139.66828847298734,rwls,1000.0,LD3F,gurobi,1.0e-5,0.0024419232857628703,0.0010855331614201445,2
1,2,0.02312493324279785,67,OPTIMAL,81.71571894858145,rwls,1000.0,LD3F,gurobi,1.0e-5,0.002444259796101189,0.0010705881679407832,2
1,3,0.04089713096618652,82,OPTIMAL,100.82077168757351,rwls,1000.0,LD3F,gurobi,1.0e-5,0.002444474163199928,0.0010854667080766882,2
1,4,0.1331160068511963,157,OPTIMAL,187.0826758126535,rwls,1000.0,LD3F,gurobi,1.0e-5,0.0024452448106107028,0.0010882785964818605,2
2,1,0.3766798973083496,364,OPTIMAL,426.17629138078587,rwls,1000.0,LD3F,gurobi,1.0e-5,0.0024479433805399964,0.0010886762804494972,2
2,2,0.3109920024871826,283,OPTIMAL,346.86196369452426,rwls,1000.0,LD3F,gurobi,1.0e-5,0.002447208844615467,0.001087451023007842,2
2,3,0.17130613327026367,232,OPTIMAL,275.41866473601914,rwls,1000.0,LD3F,gurobi,1.0e-5,0.0024754845529946223,0.0010880180868138212,2
2,4,0.16385817527770996,247,OPTIMAL,282.531894790243,rwls,1000.0,LD3F,gurobi,1.0e-5,0.0024490892278337117,0.0010861665803086641,2
2,5,0.015278100967407227,53,OPTIMAL,62.747123671085085,rwls,1000.0,LD3F,gurobi,1.0e-5,0.0024411719628676387,0.0010540614367477543,2
3,1,0.17665910720825195,191,OPTIMAL,231.96613240968057,rwls,1000.0,LD3F,gurobi,1.0e-5,0.0024449258694678733,0.0010888678966279198,2
3,2,0.08936405181884766,141,OPTIMAL,171.02628420831135,rwls,1000.0,LD3F,gurobi,1.0e-5,0.0024600194728281455,0.001086054565309887,2
3,3,0.20641016960144043,208,OPTIMAL,247.25564966713566,rwls,1000.0,LD3F,gurobi,1.0e-5,0.002444606527411297,0.0010931786214623319,2
3,4,0.046452999114990234,79,OPTIMAL,98.53692523733363,rwls,1000.0,LD3F,gurobi,1.0e-5,0.0024417272885115526,0.0010788099499156377,2
3,5,0.019134044647216797,44,OPTIMAL,58.1236444576302,rwls,1000.0,LD3F,gurobi,1.0e-5,0.0024567129054620107,0.0010583699241793307,2
3,6,0.05316495895385742,103,OPTIMAL,125.07006247736135,rwls,1000.0,LD3F,gurobi,1.0e-5,0.002441837259806512,0.0010885738871702876,2
4,1,0.02030801773071289,54,OPTIMAL,65.2973267584178,rwls,1000.0,LD3F,gurobi,1.0e-5,0.002466284861299517,0.0010677297682490385,2
4,2,0.014230012893676758,36,OPTIMAL,46.07745608132479,rwls,1000.0,LD3F,gurobi,1.0e-5,0.002442105859291166,0.001079997987142661,2
4,3,0.01522207260131836,40,OPTIMAL,48.596678534754986,rwls,1000.0,LD3F,gurobi,1.0e-5,0.00244079034413347,0.001040963780371933,2
4,4,0.15222692489624023,180,OPTIMAL,208.68421620720585,rwls,1000.0,LD3F,gurobi,1.0e-5,0.0024732907111029157,0.0010900521998805967,2
4,5,0.018934011459350586,45,OPTIMAL,55.70607685177221,rwls,1000.0,LD3F,gurobi,1.0e-5,0.0024491444392362727,0.0010565748511880471,2
4,6,0.027113914489746094,60,OPTIMAL,67.55321791460334,rwls,1000.0,LD3F,gurobi,1.0e-5,0.0024428442425707964,0.0010860088830636518,2
5,1,0.0024428367614746094,12,OPTIMAL,18.82653604195993,rwls,1000.0,LD3F,gurobi,1.0e-5,0.0024405118836137163,0.000972665320579747,2
5,2,0.013199090957641602,40,OPTIMAL,51.64152932302671,rwls,1000.0,LD3F,gurobi,1.0e-5,0.002445189407101811,0.001060160870573242,2
5,3,0.3274359703063965,317,OPTIMAL,379.16003135186764,rwls,1000.0,LD3F,gurobi,1.0e-5,0.002466359181130695,0.0010903445502042713,2
5,4,0.029007911682128906,65,OPTIMAL,79.63995876328559,rwls,1000.0,LD3F,gurobi,1.0e-5,0.002443043345818241,0.0010663987400766253,2
5,5,0.05801892280578613,104,OPTIMAL,125.01728865319055,rwls,1000.0,LD3F,gurobi,1.0e-5,0.002457832384723302,0.0010860022809454461,2
5,6,0.012610912322998047,38,OPTIMAL,48.54690351240755,rwls,1000.0,LD3F,gurobi,1.0e-5,0.0024733070166000903,0.0010531427034368216,2
5,7,0.020215988159179688,48,OPTIMAL,62.891019583872115,rwls,1000.0,LD3F,gurobi,1.0e-5,0.0024415689036469956,0.0010816617581403953,2
5,8,0.044680118560791016,84,OPTIMAL,98.99336547257526,rwls,1000.0,LD3F,gurobi,1.0e-5,0.0024432949784949365,0.001079913577325357,2
6,1,0.21874308586120605,201,OPTIMAL,286.9766956029573,rwls,1000.0,LD3F,gurobi,1.0e-5,0.002491091397715417,0.0010904359625120467,2
6,2,0.045120954513549805,89,OPTIMAL,137.20356294600896,rwls,1000.0,LD3F,gurobi,1.0e-5,0.0024606716482546975,0.0010849175170153122,2
7,1,0.0910179615020752,139,OPTIMAL,177.74068871099834,rwls,1000.0,LD3F,gurobi,1.0e-5,0.0024803464257678876,0.0010867726822932906,2
7,2,0.07111692428588867,121,OPTIMAL,146.14814398834682,rwls,1000.0,LD3F,gurobi,1.0e-5,0.002459798027281801,0.0010844713962031999,2
7,3,0.06062889099121094,107,OPTIMAL,128.20067510267845,rwls,1000.0,LD3F,gurobi,1.0e-5,0.002895330106850169,0.0010901255055610745,2
7,4,0.4759209156036377,358,OPTIMAL,456.92096325337064,rwls,1000.0,LD3F,gurobi,1.0e-5,0.00269295195098207,0.0010846416785640722,2
7,5,0.0703439712524414,127,OPTIMAL,155.8250079521784,rwls,1000.0,LD3F,gurobi,1.0e-5,0.002729151423013443,0.0010823707894260714,2
7,6,0.011919975280761719,29,OPTIMAL,62.71627856102198,rwls,1000.0,LD3F,gurobi,1.0e-5,0.0024601833559170228,0.0010689942066184612,2
7,7,0.014469146728515625,39,OPTIMAL,60.21664363614309,rwls,1000.0,LD3F,gurobi,1.0e-5,0.002440998577172282,0.0010877121207519558,2
9,1,0.12477278709411621,172,OPTIMAL,210.7479622217977,rwls,1000.0,LD3F,gurobi,1.0e-5,0.0024617507573141406,0.0010823944737897609,2
9,2,0.008514165878295898,25,OPTIMAL,57.85255816567652,rwls,1000.0,LD3F,gurobi,1.0e-5,0.0024420655445482886,0.0010670170693265406,2
9,3,0.008125066757202148,24,OPTIMAL,55.46703405209487,rwls,1000.0,LD3F,gurobi,1.0e-5,0.002441839322309347,0.0010630898438801094,2
9,4,0.00799703598022461,25,OPTIMAL,57.85189904564656,rwls,1000.0,LD3F,gurobi,1.0e-5,0.0024418633394291955,0.0010635728251449036,2
9,5,0.28994297981262207,252,OPTIMAL,303.68437186504576,rwls,1000.0,LD3F,gurobi,1.0e-5,0.0024563060370443868,0.0010898445196833955,2
9,6,0.00935506820678711,27,OPTIMAL,60.25699843188733,rwls,1000.0,LD3F,gurobi,1.0e-5,0.002442056709873075,0.0010555189190118584,2
10,1,0.010684013366699219,30,OPTIMAL,57.91008516478098,rwls,1000.0,LD3F,gurobi,1.0e-5,0.0024405747517786125,0.0010224637383904494,2
10,2,0.003429889678955078,16,OPTIMAL,21.403714241663224,rwls,1000.0,LD3F,gurobi,1.0e-5,0.0024454427724924788,0.0009771109131514303,2
10,3,0.012172937393188477,46,OPTIMAL,43.28317489192537,rwls,1000.0,LD3F,gurobi,1.0e-5,0.0024465555274157946,0.0009896311411489054,2
10,4,0.005808115005493164,23,OPTIMAL,24.60371590163712,rwls,1000.0,LD3F,gurobi,1.0e-5,0.0024888241966336544,0.0009878781162767894,2
10,5,0.007203817367553711,24,OPTIMAL,33.81888392764414,rwls,1000.0,LD3F,gurobi,1.0e-5,0.0024425568691874844,0.0009298179010976759,2
10,6,0.0042760372161865234,19,OPTIMAL,19.90356103371397,rwls,1000.0,LD3F,gurobi,1.0e-5,0.0024451320956242473,0.00095034965190609,2
11,1,0.016149044036865234,42,OPTIMAL,81.52946887476948,rwls,1000.0,LD3F,gurobi,1.0e-5,0.0024489666270297583,0.0010652395958057408,2
11,2,0.002431154251098633,10,OPTIMAL,15.266285913790695,rwls,1000.0,LD3F,gurobi,1.0e-5,0.0024405118836133832,0.0009822888344634998,2
11,3,0.024274826049804688,65,OPTIMAL,86.68399857164692,rwls,1000.0,LD3F,gurobi,1.0e-5,0.002441686868671855,0.0010732052704580015,2
11,4,0.07555103302001953,114,OPTIMAL,153.26086519785386,rwls,1000.0,LD3F,gurobi,1.0e-5,0.0024443818516299842,0.001079559956362442,2
11,5,0.12086009979248047,157,OPTIMAL,213.058507299165,rwls,1000.0,LD3F,gurobi,1.0e-5,0.0024445407550424125,0.0010864061098372433,2
12,1,0.29054999351501465,247,OPTIMAL,382.1384511313741,rwls,1000.0,LD3F,gurobi,1.0e-5,0.0024567860464488334,0.0010865721758053738,2
12,2,0.1507701873779297,167,OPTIMAL,205.66924351339188,rwls,1000.0,LD3F,gurobi,1.0e-5,0.002478809017777639,0.00108854556537982,2
12,3,0.16293597221374512,153,OPTIMAL,231.8841810990406,rwls,1000.0,LD3F,gurobi,1.0e-5,0.0030231981960866516,0.0011024097635076678,2
13,1,0.04703998565673828,89,OPTIMAL,117.8052960036982,rwls,1000.0,LD3F,gurobi,1.0e-5,0.002449233169839804,0.0010636040933321733,2
13,2,0.03646492958068848,82,OPTIMAL,96.04273908540938,rwls,1000.0,LD3F,gurobi,1.0e-5,0.0024491859324207166,0.001063690671602824,2
13,3,0.0020148754119873047,10,OPTIMAL,13.25224864573654,rwls,1000.0,LD3F,gurobi,1.0e-5,0.0024405118836134942,0.0008396574168159865,2
13,4,0.08319997787475586,182,OPTIMAL,23408.716072085695,rwls,1000.0,LD3F,gurobi,1.0e-5,0.10481408856433916,0.028825376946127516,2
15,1,0.13530707359313965,167,OPTIMAL,191.15986999372672,rwls,1000.0,LD3F,gurobi,1.0e-5,0.002445031213015092,0.0010869782033477127,2
15,2,0.19491291046142578,200,OPTIMAL,265.95665658475053,rwls,1000.0,LD3F,gurobi,1.0e-5,0.002449454703847387,0.0010772214299811394,2
15,3,0.42996811866760254,306,OPTIMAL,411.0262152176966,rwls,1000.0,LD3F,gurobi,1.0e-5,0.002458525774526432,0.0010913932618666785,2
15,4,0.30516910552978516,260,OPTIMAL,337.14166556813666,rwls,1000.0,LD3F,gurobi,1.0e-5,0.002469224846918028,0.0010900642017379687,2
15,5,0.016506195068359375,49,OPTIMAL,62.994535229555865,rwls,1000.0,LD3F,gurobi,1.0e-5,0.002444968330141961,0.0010954255784853535,2
15,6,0.07942891120910645,120,OPTIMAL,171.9992037782204,rwls,1000.0,LD3F,gurobi,1.0e-5,0.002445217610153927,0.0010838970552203915,2
15,7,0.0593569278717041,100,OPTIMAL,138.01573639575227,rwls,1000.0,LD3F,gurobi,1.0e-5,0.0024641512786935937,0.001097146491109753,2
16,1,0.029574871063232422,76,OPTIMAL,102.42950081667415,rwls,1000.0,LD3F,gurobi,1.0e-5,0.002559194764713224,0.0010938545356159574,2
16,2,0.06861495971679688,150,OPTIMAL,181.97500121066855,rwls,1000.0,LD3F,gurobi,1.0e-5,0.0024919183349814134,0.0010928009485826691,2
16,3,0.09729790687561035,142,OPTIMAL,169.71085765828323,rwls,1000.0,LD3F,gurobi,1.0e-5,0.0024706638143376924,0.0010812855293577102,2
16,4,0.07814788818359375,127,OPTIMAL,146.2252608635706,rwls,1000.0,LD3F,gurobi,1.0e-5,0.0024442776504860486,0.0010870590077193564,2
17,1,0.29720091819763184,378,OPTIMAL,455.9827801364974,rwls,1000.0,LD3F,gurobi,1.0e-5,0.002456603261514534,0.0010936535754054587,2
17,2,0.00403904914855957,19,OPTIMAL,27.13221121742226,rwls,1000.0,LD3F,gurobi,1.0e-5,0.002440608887140927,0.0010305785233805567,2
17,3,0.06113409996032715,157,OPTIMAL,193.856258607313,rwls,1000.0,LD3F,gurobi,1.0e-5,0.002449350022123209,0.001093965540177132,2
17,4,0.10356688499450684,215,OPTIMAL,260.6380685996169,rwls,1000.0,LD3F,gurobi,1.0e-5,0.0024733852181331173,0.0010896603858306475,2
17,5,0.3002610206604004,316,OPTIMAL,386.9131648545039,rwls,1000.0,LD3F,gurobi,1.0e-5,0.002446152240013433,0.00109448753345593,2
17,6,0.1937270164489746,438,OPTIMAL,539.9204734668098,rwls,1000.0,LD3F,gurobi,1.0e-5,0.002465129474351624,0.0010955421637437218,2
17,7,0.1320939064025879,221,OPTIMAL,296.71438467621186,rwls,1000.0,LD3F,gurobi,1.0e-5,0.002509615195116277,0.0010876567354517962,2
18,1,0.04056906700134277,106,OPTIMAL,141.89493175429988,rwls,1000.0,LD3F,gurobi,1.0e-5,0.0024513486447717003,0.0010975174626490808,2
18,2,0.0164339542388916,53,OPTIMAL,65.70832622904042,rwls,1000.0,LD3F,gurobi,1.0e-5,0.0024722995859312036,0.001097420321781562,2
18,3,0.0497899055480957,110,OPTIMAL,129.3036343858263,rwls,1000.0,LD3F,gurobi,1.0e-5,0.0024439762507044716,0.0010832881666371411,2
18,4,0.03142905235290527,74,OPTIMAL,89.90271241990213,rwls,1000.0,LD3F,gurobi,1.0e-5,0.0024451002957568413,0.0010857041656260355,2
18,5,0.029167890548706055,88,OPTIMAL,109.75569778087022,rwls,1000.0,LD3F,gurobi,1.0e-5,0.002639207710235514,0.0010978320215510823,2
18,6,0.012072086334228516,46,OPTIMAL,60.47426896045601,rwls,1000.0,LD3F,gurobi,1.0e-5,0.0024627433934696352,0.0010635497182510667,2
18,7,0.01990199089050293,58,OPTIMAL,75.33403486737436,rwls,1000.0,LD3F,gurobi,1.0e-5,0.0024712311113408436,0.001077350513634772,2
18,8,0.015553951263427734,48,OPTIMAL,58.69053101570041,rwls,1000.0,LD3F,gurobi,1.0e-5,0.002441360096359202,0.001060778093394178,2
18,9,0.05421900749206543,98,OPTIMAL,131.63581124307464,rwls,1000.0,LD3F,gurobi,1.0e-5,0.002501922107930765,0.0010725020055690065,2
19,1,0.058984994888305664,111,OPTIMAL,127.10622559291221,rwls,1000.0,LD3F,gurobi,1.0e-5,0.0024577352311994094,0.0010827893932515305,2
19,2,0.1304309368133545,214,OPTIMAL,272.8908728690922,rwls,1000.0,LD3F,gurobi,1.0e-5,0.002444243916864375,0.0010882363371318901,2
19,3,0.07503080368041992,138,OPTIMAL,164.73759883132314,rwls,1000.0,LD3F,gurobi,1.0e-5,0.002476869156813999,0.0010805106020560051,2
19,4,0.03560495376586914,111,OPTIMAL,136.8824774179305,rwls,1000.0,LD3F,gurobi,1.0e-5,0.002451453075044019,0.0010860589693415686,2
19,5,0.06991887092590332,149,OPTIMAL,182.0949174362093,rwls,1000.0,LD3F,gurobi,1.0e-5,0.0024637892028525066,0.0010931427034086914,2
20,1,0.00987386703491211,29,OPTIMAL,67.41624357051879,rwls,1000.0,LD3F,gurobi,1.0e-5,0.002442255065964405,0.0010592003946247616,2
20,2,0.026860952377319336,56,OPTIMAL,70.06205159114658,rwls,1000.0,LD3F,gurobi,1.0e-5,0.00250033219994239,0.0010643380995368293,2
20,3,0.05250382423400879,94,OPTIMAL,149.30288899477813,rwls,1000.0,LD3F,gurobi,1.0e-5,0.0024607796801789927,0.0010682551247910915,2
20,4,0.011262893676757812,32,OPTIMAL,77.006038727809,rwls,1000.0,LD3F,gurobi,1.0e-5,0.0024425003130210676,0.0010759201512436669,2
20,5,0.009123086929321289,26,OPTIMAL,62.82146313398246,rwls,1000.0,LD3F,gurobi,1.0e-5,0.0024405118836134942,0.0010650640142021467,2
21,1,0.020645856857299805,51,OPTIMAL,60.18525505316433,rwls,1000.0,LD3F,gurobi,1.0e-5,0.0024504592368934652,0.0010690397319253878,2
21,2,0.01589202880859375,50,OPTIMAL,62.86020082096776,rwls,1000.0,LD3F,gurobi,1.0e-5,0.0024423386060736796,0.0010612011388371526,2
21,3,0.05622601509094238,132,OPTIMAL,167.89637233830277,rwls,1000.0,LD3F,gurobi,1.0e-5,0.002441348289919487,0.0010889146163961668,2
21,4,0.013351917266845703,42,OPTIMAL,50.77962849708277,rwls,1000.0,LD3F,gurobi,1.0e-5,0.0024565545393173682,0.0010814066741300754,2
21,5,0.022633075714111328,62,OPTIMAL,72.42856801277874,rwls,1000.0,LD3F,gurobi,1.0e-5,0.00244886555487156,0.0010760093123492423,2
22,1,0.025142908096313477,60,OPTIMAL,82.73697771470395,rwls,1000.0,LD3F,gurobi,1.0e-5,0.002534038853455378,0.001071241715792754,2
22,2,0.007318019866943359,29,OPTIMAL,39.36078592405807,rwls,1000.0,LD3F,gurobi,1.0e-5,0.002443515825010012,0.0010577793763044813,2
22,3,0.02955913543701172,100,OPTIMAL,122.0565665850355,rwls,1000.0,LD3F,gurobi,1.0e-5,0.0026342094097304702,0.0010806638690168454,2
22,4,0.02124500274658203,56,OPTIMAL,70.0304372531583,rwls,1000.0,LD3F,gurobi,1.0e-5,0.0024452643826811116,0.0010832823070475702,2
22,5,0.02219986915588379,63,OPTIMAL,77.30303210496109,rwls,1000.0,LD3F,gurobi,1.0e-5,0.002454397241760775,0.0010888649858824247,2
22,6,0.031976938247680664,78,OPTIMAL,96.18514412393847,rwls,1000.0,LD3F,gurobi,1.0e-5,0.002457230982375158,0.0010941810270826853,2
23,1,0.16018390655517578,195,OPTIMAL,272.5131383428891,rwls,1000.0,LD3F,gurobi,1.0e-5,0.0024653847879323454,0.0010794143810465631,2
23,2,0.045430898666381836,100,OPTIMAL,117.97450982757132,rwls,1000.0,LD3F,gurobi,1.0e-5,0.0024524179849523264,0.0010702621657049907,2
23,3,0.0016970634460449219,6,OPTIMAL,12.550362768876015,rwls,1000.0,LD3F,gurobi,1.0e-5,0.0024405118836134942,0.0009457536123531371,2
23,4,0.11716699600219727,153,OPTIMAL,220.5801642930392,rwls,1000.0,LD3F,gurobi,1.0e-5,0.002467748127032099,0.0010734796725726868,2
23,5,0.03444099426269531,84,OPTIMAL,110.97398868809864,rwls,1000.0,LD3F,gurobi,1.0e-5,0.002539383460431699,0.0010807372756364128,2
25,1,0.008491992950439453,26,OPTIMAL,34.8839526346871,rwls,1000.0,LD3F,gurobi,1.0e-5,0.002442643683047141,0.0010629045618432626,2
25,2,0.01243901252746582,40,OPTIMAL,52.64743208475384,rwls,1000.0,LD3F,gurobi,1.0e-5,0.0025352674746509374,0.00106769700710924,2
25,3,0.00875091552734375,29,OPTIMAL,38.91430116773506,rwls,1000.0,LD3F,gurobi,1.0e-5,0.002441519200160336,0.0010460468270389696,2
1,1,0.0802299976348877,118,OPTIMAL,139.66828847298734,rwls,10000.0,LD3F,gurobi,1.0e-5,0.0024419232857628703,0.0010855331614201445,2
1,2,0.0230560302734375,67,OPTIMAL,81.71571894858145,rwls,10000.0,LD3F,gurobi,1.0e-5,0.002444259796101189,0.0010705881679407832,2
1,3,0.04133796691894531,82,OPTIMAL,100.82077168757351,rwls,10000.0,LD3F,gurobi,1.0e-5,0.002444474163199928,0.0010854667080766882,2
1,4,0.1347370147705078,157,OPTIMAL,187.0826758126535,rwls,10000.0,LD3F,gurobi,1.0e-5,0.0024452448106107028,0.0010882785964818605,2
2,1,0.3738059997558594,364,OPTIMAL,426.17629138078587,rwls,10000.0,LD3F,gurobi,1.0e-5,0.0024479433805399964,0.0010886762804494972,2
2,2,0.3087899684906006,283,OPTIMAL,346.86196369452426,rwls,10000.0,LD3F,gurobi,1.0e-5,0.002447208844615467,0.001087451023007842,2
2,3,0.17079687118530273,232,OPTIMAL,275.41866473601914,rwls,10000.0,LD3F,gurobi,1.0e-5,0.0024754845529946223,0.0010880180868138212,2
2,4,0.1626579761505127,247,OPTIMAL,282.531894790243,rwls,10000.0,LD3F,gurobi,1.0e-5,0.0024490892278337117,0.0010861665803086641,2
2,5,0.015001058578491211,53,OPTIMAL,62.747123671085085,rwls,10000.0,LD3F,gurobi,1.0e-5,0.0024411719628676387,0.0010540614367477543,2
3,1,0.1757369041442871,191,OPTIMAL,231.96613240968057,rwls,10000.0,LD3F,gurobi,1.0e-5,0.0024449258694678733,0.0010888678966279198,2
3,2,0.09010195732116699,141,OPTIMAL,171.02628420831135,rwls,10000.0,LD3F,gurobi,1.0e-5,0.0024600194728281455,0.001086054565309887,2
3,3,0.20526981353759766,208,OPTIMAL,247.25564966713566,rwls,10000.0,LD3F,gurobi,1.0e-5,0.002444606527411297,0.0010931786214623319,2
3,4,0.04591012001037598,79,OPTIMAL,98.53692523733363,rwls,10000.0,LD3F,gurobi,1.0e-5,0.0024417272885115526,0.0010788099499156377,2
3,5,0.018386125564575195,44,OPTIMAL,58.1236444576302,rwls,10000.0,LD3F,gurobi,1.0e-5,0.0024567129054620107,0.0010583699241793307,2
3,6,0.05367612838745117,103,OPTIMAL,125.07006247736135,rwls,10000.0,LD3F,gurobi,1.0e-5,0.002441837259806512,0.0010885738871702876,2
4,1,0.020357847213745117,54,OPTIMAL,65.2973267584178,rwls,10000.0,LD3F,gurobi,1.0e-5,0.002466284861299517,0.0010677297682490385,2
4,2,0.01371002197265625,36,OPTIMAL,46.07745608132479,rwls,10000.0,LD3F,gurobi,1.0e-5,0.002442105859291166,0.001079997987142661,2
4,3,0.015900850296020508,40,OPTIMAL,48.596678534754986,rwls,10000.0,LD3F,gurobi,1.0e-5,0.00244079034413347,0.001040963780371933,2
4,4,0.15309381484985352,180,OPTIMAL,208.68421620720585,rwls,10000.0,LD3F,gurobi,1.0e-5,0.0024732907111029157,0.0010900521998805967,2
4,5,0.018342018127441406,45,OPTIMAL,55.70607685177221,rwls,10000.0,LD3F,gurobi,1.0e-5,0.0024491444392362727,0.0010565748511880471,2
4,6,0.027177095413208008,60,OPTIMAL,67.55321791460334,rwls,10000.0,LD3F,gurobi,1.0e-5,0.0024428442425707964,0.0010860088830636518,2
5,1,0.002435922622680664,12,OPTIMAL,18.82653604195993,rwls,10000.0,LD3F,gurobi,1.0e-5,0.0024405118836137163,0.000972665320579747,2
5,2,0.01320505142211914,40,OPTIMAL,51.64152932302671,rwls,10000.0,LD3F,gurobi,1.0e-5,0.002445189407101811,0.001060160870573242,2
5,3,0.3268578052520752,317,OPTIMAL,379.16003135186764,rwls,10000.0,LD3F,gurobi,1.0e-5,0.002466359181130695,0.0010903445502042713,2
5,4,0.0288851261138916,65,OPTIMAL,79.63995876328559,rwls,10000.0,LD3F,gurobi,1.0e-5,0.002443043345818241,0.0010663987400766253,2
5,5,0.05727982521057129,104,OPTIMAL,125.01728865319055,rwls,10000.0,LD3F,gurobi,1.0e-5,0.002457832384723302,0.0010860022809454461,2
5,6,0.012299060821533203,38,OPTIMAL,48.54690351240755,rwls,10000.0,LD3F,gurobi,1.0e-5,0.0024733070166000903,0.0010531427034368216,2
5,7,0.020190000534057617,48,OPTIMAL,62.891019583872115,rwls,10000.0,LD3F,gurobi,1.0e-5,0.0024415689036469956,0.0010816617581403953,2
5,8,0.04437398910522461,84,OPTIMAL,98.99336547257526,rwls,10000.0,LD3F,gurobi,1.0e-5,0.0024432949784949365,0.001079913577325357,2
6,1,0.21761488914489746,201,OPTIMAL,286.9766956029573,rwls,10000.0,LD3F,gurobi,1.0e-5,0.002491091397715417,0.0010904359625120467,2
6,2,0.0452120304107666,89,OPTIMAL,137.20356294600896,rwls,10000.0,LD3F,gurobi,1.0e-5,0.0024606716482546975,0.0010849175170153122,2
7,1,0.09115099906921387,139,OPTIMAL,177.74068871099834,rwls,10000.0,LD3F,gurobi,1.0e-5,0.0024803464257678876,0.0010867726822932906,2
7,2,0.07050085067749023,121,OPTIMAL,146.14814398834682,rwls,10000.0,LD3F,gurobi,1.0e-5,0.002459798027281801,0.0010844713962031999,2
7,3,0.060379981994628906,107,OPTIMAL,128.20067510267845,rwls,10000.0,LD3F,gurobi,1.0e-5,0.002895330106850169,0.0010901255055610745,2
7,4,0.47572994232177734,358,OPTIMAL,456.92096325337064,rwls,10000.0,LD3F,gurobi,1.0e-5,0.00269295195098207,0.0010846416785640722,2
7,5,0.07056784629821777,127,OPTIMAL,155.8250079521784,rwls,10000.0,LD3F,gurobi,1.0e-5,0.002729151423013443,0.0010823707894260714,2
7,6,0.011943817138671875,29,OPTIMAL,62.71627856102198,rwls,10000.0,LD3F,gurobi,1.0e-5,0.0024601833559170228,0.0010689942066184612,2
7,7,0.0146331787109375,39,OPTIMAL,60.21664363614309,rwls,10000.0,LD3F,gurobi,1.0e-5,0.002440998577172282,0.0010877121207519558,2
9,1,0.1243438720703125,172,OPTIMAL,210.7479622217977,rwls,10000.0,LD3F,gurobi,1.0e-5,0.0024617507573141406,0.0010823944737897609,2
9,2,0.008421182632446289,25,OPTIMAL,57.85255816567652,rwls,10000.0,LD3F,gurobi,1.0e-5,0.0024420655445482886,0.0010670170693265406,2
9,3,0.007940053939819336,24,OPTIMAL,55.46703405209487,rwls,10000.0,LD3F,gurobi,1.0e-5,0.002441839322309347,0.0010630898438801094,2
9,4,0.007941961288452148,25,OPTIMAL,57.85189904564656,rwls,10000.0,LD3F,gurobi,1.0e-5,0.0024418633394291955,0.0010635728251449036,2
9,5,0.29116106033325195,252,OPTIMAL,303.68437186504576,rwls,10000.0,LD3F,gurobi,1.0e-5,0.0024563060370443868,0.0010898445196833955,2
9,6,0.009395837783813477,27,OPTIMAL,60.25699843188733,rwls,10000.0,LD3F,gurobi,1.0e-5,0.002442056709873075,0.0010555189190118584,2
10,1,0.010685920715332031,30,OPTIMAL,57.91008516478098,rwls,10000.0,LD3F,gurobi,1.0e-5,0.0024405747517786125,0.0010224637383904494,2
10,2,0.003367900848388672,16,OPTIMAL,21.403714241663224,rwls,10000.0,LD3F,gurobi,1.0e-5,0.0024454427724924788,0.0009771109131514303,2
10,3,0.012471914291381836,46,OPTIMAL,43.28317489192537,rwls,10000.0,LD3F,gurobi,1.0e-5,0.0024465555274157946,0.0009896311411489054,2
10,4,0.005836963653564453,23,OPTIMAL,24.60371590163712,rwls,10000.0,LD3F,gurobi,1.0e-5,0.0024888241966336544,0.0009878781162767894,2
10,5,0.006916999816894531,24,OPTIMAL,33.81888392764414,rwls,10000.0,LD3F,gurobi,1.0e-5,0.0024425568691874844,0.0009298179010976759,2
10,6,0.004239082336425781,19,OPTIMAL,19.90356103371397,rwls,10000.0,LD3F,gurobi,1.0e-5,0.0024451320956242473,0.00095034965190609,2
11,1,0.01630997657775879,42,OPTIMAL,81.52946887476948,rwls,10000.0,LD3F,gurobi,1.0e-5,0.0024489666270297583,0.0010652395958057408,2
11,2,0.0024499893188476562,10,OPTIMAL,15.266285913790695,rwls,10000.0,LD3F,gurobi,1.0e-5,0.0024405118836133832,0.0009822888344634998,2
11,3,0.024292945861816406,65,OPTIMAL,86.68399857164692,rwls,10000.0,LD3F,gurobi,1.0e-5,0.002441686868671855,0.0010732052704580015,2
11,4,0.07504606246948242,114,OPTIMAL,153.26086519785386,rwls,10000.0,LD3F,gurobi,1.0e-5,0.0024443818516299842,0.001079559956362442,2
11,5,0.12003397941589355,157,OPTIMAL,213.058507299165,rwls,10000.0,LD3F,gurobi,1.0e-5,0.0024445407550424125,0.0010864061098372433,2
12,1,0.2918238639831543,247,OPTIMAL,382.1384511313741,rwls,10000.0,LD3F,gurobi,1.0e-5,0.0024567860464488334,0.0010865721758053738,2
12,2,0.1521000862121582,167,OPTIMAL,205.66924351339188,rwls,10000.0,LD3F,gurobi,1.0e-5,0.002478809017777639,0.00108854556537982,2
12,3,0.16346120834350586,153,OPTIMAL,231.8841810990406,rwls,10000.0,LD3F,gurobi,1.0e-5,0.0030231981960866516,0.0011024097635076678,2
13,1,0.04677295684814453,89,OPTIMAL,117.8052960036982,rwls,10000.0,LD3F,gurobi,1.0e-5,0.002449233169839804,0.0010636040933321733,2
13,2,0.03570413589477539,82,OPTIMAL,96.04273908540938,rwls,10000.0,LD3F,gurobi,1.0e-5,0.0024491859324207166,0.001063690671602824,2
13,3,0.002045869827270508,10,OPTIMAL,13.25224864573654,rwls,10000.0,LD3F,gurobi,1.0e-5,0.0024405118836134942,0.0008396574168159865,2
13,4,0.08270001411437988,182,OPTIMAL,23408.716072085695,rwls,10000.0,LD3F,gurobi,1.0e-5,0.10481408856433916,0.028825376946127516,2
15,1,0.137861967086792,167,OPTIMAL,191.15986999372672,rwls,10000.0,LD3F,gurobi,1.0e-5,0.002445031213015092,0.0010869782033477127,2
15,2,0.19576001167297363,200,OPTIMAL,265.95665658475053,rwls,10000.0,LD3F,gurobi,1.0e-5,0.002449454703847387,0.0010772214299811394,2
15,3,0.42867207527160645,306,OPTIMAL,411.0262152176966,rwls,10000.0,LD3F,gurobi,1.0e-5,0.002458525774526432,0.0010913932618666785,2
15,4,0.30617403984069824,260,OPTIMAL,337.14166556813666,rwls,10000.0,LD3F,gurobi,1.0e-5,0.002469224846918028,0.0010900642017379687,2
15,5,0.01689600944519043,49,OPTIMAL,62.994535229555865,rwls,10000.0,LD3F,gurobi,1.0e-5,0.002444968330141961,0.0010954255784853535,2
15,6,0.07982802391052246,120,OPTIMAL,171.9992037782204,rwls,10000.0,LD3F,gurobi,1.0e-5,0.002445217610153927,0.0010838970552203915,2
15,7,0.06092500686645508,100,OPTIMAL,138.01573639575227,rwls,10000.0,LD3F,gurobi,1.0e-5,0.0024641512786935937,0.001097146491109753,2
16,1,0.02976703643798828,76,OPTIMAL,102.42950081667415,rwls,10000.0,LD3F,gurobi,1.0e-5,0.002559194764713224,0.0010938545356159574,2
16,2,0.06846189498901367,150,OPTIMAL,181.97500121066855,rwls,10000.0,LD3F,gurobi,1.0e-5,0.0024919183349814134,0.0010928009485826691,2
16,3,0.09797286987304688,142,OPTIMAL,169.71085765828323,rwls,10000.0,LD3F,gurobi,1.0e-5,0.0024706638143376924,0.0010812855293577102,2
16,4,0.07647490501403809,127,OPTIMAL,146.2252608635706,rwls,10000.0,LD3F,gurobi,1.0e-5,0.0024442776504860486,0.0010870590077193564,2
17,1,0.29689908027648926,378,OPTIMAL,455.9827801364974,rwls,10000.0,LD3F,gurobi,1.0e-5,0.002456603261514534,0.0010936535754054587,2
17,2,0.004199028015136719,19,OPTIMAL,27.13221121742226,rwls,10000.0,LD3F,gurobi,1.0e-5,0.002440608887140927,0.0010305785233805567,2
17,3,0.060977935791015625,157,OPTIMAL,193.856258607313,rwls,10000.0,LD3F,gurobi,1.0e-5,0.002449350022123209,0.001093965540177132,2
17,4,0.10353207588195801,215,OPTIMAL,260.6380685996169,rwls,10000.0,LD3F,gurobi,1.0e-5,0.0024733852181331173,0.0010896603858306475,2
17,5,0.3007659912109375,316,OPTIMAL,386.9131648545039,rwls,10000.0,LD3F,gurobi,1.0e-5,0.002446152240013433,0.00109448753345593,2
17,6,0.19374585151672363,438,OPTIMAL,539.9204734668098,rwls,10000.0,LD3F,gurobi,1.0e-5,0.002465129474351624,0.0010955421637437218,2
17,7,0.1292707920074463,221,OPTIMAL,296.71438467621186,rwls,10000.0,LD3F,gurobi,1.0e-5,0.002509615195116277,0.0010876567354517962,2
18,1,0.039991140365600586,106,OPTIMAL,141.89493175429988,rwls,10000.0,LD3F,gurobi,1.0e-5,0.0024513486447717003,0.0010975174626490808,2
18,2,0.01587700843811035,53,OPTIMAL,65.70832622904042,rwls,10000.0,LD3F,gurobi,1.0e-5,0.0024722995859312036,0.001097420321781562,2
18,3,0.049285173416137695,110,OPTIMAL,129.3036343858263,rwls,10000.0,LD3F,gurobi,1.0e-5,0.0024439762507044716,0.0010832881666371411,2
18,4,0.03182220458984375,74,OPTIMAL,89.90271241990213,rwls,10000.0,LD3F,gurobi,1.0e-5,0.0024451002957568413,0.0010857041656260355,2
18,5,0.02906012535095215,88,OPTIMAL,109.75569778087022,rwls,10000.0,LD3F,gurobi,1.0e-5,0.002639207710235514,0.0010978320215510823,2
18,6,0.012158870697021484,46,OPTIMAL,60.47426896045601,rwls,10000.0,LD3F,gurobi,1.0e-5,0.0024627433934696352,0.0010635497182510667,2
18,7,0.019955158233642578,58,OPTIMAL,75.33403486737436,rwls,10000.0,LD3F,gurobi,1.0e-5,0.0024712311113408436,0.001077350513634772,2
18,8,0.01583695411682129,48,OPTIMAL,58.69053101570041,rwls,10000.0,LD3F,gurobi,1.0e-5,0.002441360096359202,0.001060778093394178,2
18,9,0.05371809005737305,98,OPTIMAL,131.63581124307464,rwls,10000.0,LD3F,gurobi,1.0e-5,0.002501922107930765,0.0010725020055690065,2
19,1,0.059126853942871094,111,OPTIMAL,127.10622559291221,rwls,10000.0,LD3F,gurobi,1.0e-5,0.0024577352311994094,0.0010827893932515305,2
19,2,0.1293778419494629,214,OPTIMAL,272.8908728690922,rwls,10000.0,LD3F,gurobi,1.0e-5,0.002444243916864375,0.0010882363371318901,2
19,3,0.07425808906555176,138,OPTIMAL,164.73759883132314,rwls,10000.0,LD3F,gurobi,1.0e-5,0.002476869156813999,0.0010805106020560051,2
19,4,0.034848928451538086,111,OPTIMAL,136.8824774179305,rwls,10000.0,LD3F,gurobi,1.0e-5,0.002451453075044019,0.0010860589693415686,2
19,5,0.06970787048339844,149,OPTIMAL,182.0949174362093,rwls,10000.0,LD3F,gurobi,1.0e-5,0.0024637892028525066,0.0010931427034086914,2
20,1,0.009716987609863281,29,OPTIMAL,67.41624357051879,rwls,10000.0,LD3F,gurobi,1.0e-5,0.002442255065964405,0.0010592003946247616,2
20,2,0.026494979858398438,56,OPTIMAL,70.06205159114658,rwls,10000.0,LD3F,gurobi,1.0e-5,0.00250033219994239,0.0010643380995368293,2
20,3,0.0523681640625,94,OPTIMAL,149.30288899477813,rwls,10000.0,LD3F,gurobi,1.0e-5,0.0024607796801789927,0.0010682551247910915,2
20,4,0.011647939682006836,32,OPTIMAL,77.006038727809,rwls,10000.0,LD3F,gurobi,1.0e-5,0.0024425003130210676,0.0010759201512436669,2
20,5,0.009156942367553711,26,OPTIMAL,62.82146313398246,rwls,10000.0,LD3F,gurobi,1.0e-5,0.0024405118836134942,0.0010650640142021467,2
21,1,0.02092909812927246,51,OPTIMAL,60.18525505316433,rwls,10000.0,LD3F,gurobi,1.0e-5,0.0024504592368934652,0.0010690397319253878,2
21,2,0.016095876693725586,50,OPTIMAL,62.86020082096776,rwls,10000.0,LD3F,gurobi,1.0e-5,0.0024423386060736796,0.0010612011388371526,2
21,3,0.05658388137817383,132,OPTIMAL,167.89637233830277,rwls,10000.0,LD3F,gurobi,1.0e-5,0.002441348289919487,0.0010889146163961668,2
21,4,0.013638019561767578,42,OPTIMAL,50.77962849708277,rwls,10000.0,LD3F,gurobi,1.0e-5,0.0024565545393173682,0.0010814066741300754,2
21,5,0.022609949111938477,62,OPTIMAL,72.42856801277874,rwls,10000.0,LD3F,gurobi,1.0e-5,0.00244886555487156,0.0010760093123492423,2
22,1,0.025311946868896484,60,OPTIMAL,82.73697771470395,rwls,10000.0,LD3F,gurobi,1.0e-5,0.002534038853455378,0.001071241715792754,2
22,2,0.007219076156616211,29,OPTIMAL,39.36078592405807,rwls,10000.0,LD3F,gurobi,1.0e-5,0.002443515825010012,0.0010577793763044813,2
22,3,0.0296628475189209,100,OPTIMAL,122.0565665850355,rwls,10000.0,LD3F,gurobi,1.0e-5,0.0026342094097304702,0.0010806638690168454,2
22,4,0.021367788314819336,56,OPTIMAL,70.0304372531583,rwls,10000.0,LD3F,gurobi,1.0e-5,0.0024452643826811116,0.0010832823070475702,2
22,5,0.022349119186401367,63,OPTIMAL,77.30303210496109,rwls,10000.0,LD3F,gurobi,1.0e-5,0.002454397241760775,0.0010888649858824247,2
22,6,0.03248190879821777,78,OPTIMAL,96.18514412393847,rwls,10000.0,LD3F,gurobi,1.0e-5,0.002457230982375158,0.0010941810270826853,2
23,1,0.16006994247436523,195,OPTIMAL,272.5131383428891,rwls,10000.0,LD3F,gurobi,1.0e-5,0.0024653847879323454,0.0010794143810465631,2
23,2,0.04484701156616211,100,OPTIMAL,117.97450982757132,rwls,10000.0,LD3F,gurobi,1.0e-5,0.0024524179849523264,0.0010702621657049907,2
23,3,0.0016779899597167969,6,OPTIMAL,12.550362768876015,rwls,10000.0,LD3F,gurobi,1.0e-5,0.0024405118836134942,0.0009457536123531371,2
23,4,0.11563396453857422,153,OPTIMAL,220.5801642930392,rwls,10000.0,LD3F,gurobi,1.0e-5,0.002467748127032099,0.0010734796725726868,2
23,5,0.03431200981140137,84,OPTIMAL,110.97398868809864,rwls,10000.0,LD3F,gurobi,1.0e-5,0.002539383460431699,0.0010807372756364128,2
25,1,0.008285999298095703,26,OPTIMAL,34.8839526346871,rwls,10000.0,LD3F,gurobi,1.0e-5,0.002442643683047141,0.0010629045618432626,2
25,2,0.012356996536254883,40,OPTIMAL,52.64743208475384,rwls,10000.0,LD3F,gurobi,1.0e-5,0.0025352674746509374,0.00106769700710924,2
25,3,0.008880853652954102,29,OPTIMAL,38.91430116773506,rwls,10000.0,LD3F,gurobi,1.0e-5,0.002441519200160336,0.0010460468270389696,2
