ntw,fdr,solve_time,n_bus,termination_status,objective,criterion,rescaler,eq_model,err_max_1,err_max_2,err_max_3,err_avg_1,err_avg_2,err_avg_3,pbase
1,1,0.05473518371582031,118,OPTIMAL,3.38762117125143,rwlav,100.0,LD3F,4.721736443658031e-5,0.00018546562191734672,0.0003091151887562038,3.298237238879367e-5,0.00013102451557836186,0.00015487757197246805,100.0
1,2,0.018564939498901367,67,OPTIMAL,1.9811853329609563,rwlav,100.0,LD3F,3.205865892574877e-5,0.0001172717134900747,0.00028627125498692507,1.800722116465523e-5,7.9358978721107e-5,0.00013565282126437264,100.0
1,3,0.022020816802978516,82,OPTIMAL,2.5176032192379023,rwlav,100.0,LD3F,0.00015993097867417205,8.357576354023344e-5,0.0004126192857878408,0.00011094890653326811,5.6332574509275245e-5,0.00022031584231238047,100.0
1,4,0.07291102409362793,157,OPTIMAL,6.227563677201737,rwlav,100.0,LD3F,0.0007878072394722491,0.0002323156639338908,0.00044521993672730353,0.0006528274041942441,8.914438073931335e-5,0.00038680108523517486,100.0
2,1,0.2930920124053955,364,OPTIMAL,13.141689275461713,rwlav,100.0,LD3F,0.00027306605829857666,0.0003319995890280758,0.00041412509548721665,9.7777306375695e-5,0.00023482120225597309,0.00036782782630463164,100.0
2,2,0.26985979080200195,283,OPTIMAL,11.93541207127571,rwlav,100.0,LD3F,0.0005561604354973326,0.00041636086639518233,0.00044258968142796284,0.0004129293372532034,0.00033909232102686236,0.0003758851171795476,100.0
2,3,0.12439489364624023,232,OPTIMAL,7.971996055428242,rwlav,100.0,LD3F,0.0005352506252138678,5.790058291843536e-5,0.000430048197044286,0.00043734120758260925,2.69072445284352e-5,0.00031873094171273636,100.0
2,4,0.19929194450378418,247,OPTIMAL,12.721042090033492,rwlav,100.0,LD3F,0.0019629411152923826,0.00047956686930472614,0.00042886122812846317,0.0018489538376209726,0.00040587314270306026,0.00036328387278231885,100.0
2,5,0.011494874954223633,53,OPTIMAL,1.4380089224710968,rwlav,100.0,LD3F,9.79638845977071e-6,1.5948732081438877e-5,7.971690042751778e-5,5.770136064890292e-6,8.358109498038234e-6,5.669092013879714e-5,100.0
3,1,0.14689016342163086,191,OPTIMAL,5.970898994178206,rwlav,100.0,LD3F,0.0001832752041341923,3.6736841146689514e-5,0.00041469298849849956,0.00014590569981895668,2.59065037687567e-5,0.00025946944806116317,100.0
3,2,0.07316303253173828,141,OPTIMAL,5.02327251197822,rwlav,100.0,LD3F,0.0003642012256435123,7.903803085240746e-5,0.00039876511850800433,0.00027644144256178273,4.450239005588027e-5,0.0002271906505351581,100.0
3,3,0.10529804229736328,208,OPTIMAL,7.049231819835327,rwlav,100.0,LD3F,0.0004564424261737088,0.0001616665435706377,0.00044119225412275753,0.00039091746749557243,8.95391179109637e-5,0.0003103497858061502,100.0
3,4,0.029087066650390625,79,OPTIMAL,2.109077051809033,rwlav,100.0,LD3F,5.7917253472927754e-5,3.4571987362452816e-5,0.0003581365668412495,2.659126042243664e-5,1.032648899049369e-5,0.00012897098148453398,100.0
3,5,0.009991884231567383,44,OPTIMAL,1.2534732532774802,rwlav,100.0,LD3F,8.14117067382547e-6,7.600898298765202e-6,4.300426734016316e-5,3.6817750577228754e-6,5.000406649736565e-6,3.450194180285279e-5,100.0
3,6,0.041127920150756836,103,OPTIMAL,2.444978728961828,rwlav,100.0,LD3F,1.8609280497905445e-5,2.713676751664451e-5,0.00011273526592248118,7.832444494509658e-6,9.09329751476141e-6,3.273853954238899e-5,100.0
4,1,0.01566314697265625,54,OPTIMAL,1.2638367562985304,rwlav,100.0,LD3F,1.9161909874387817e-5,2.0025354422026354e-5,2.9023027592334216e-5,1.1834240457064415e-5,5.856054007152216e-6,2.1525538950505228e-5,100.0
4,2,0.008257150650024414,36,OPTIMAL,0.889651251699709,rwlav,100.0,LD3F,1.950719300181092e-5,2.3364600817865622e-5,5.446949826248826e-5,1.2392919456174737e-5,7.959079713700431e-6,3.311473794048108e-5,100.0
4,3,0.010461091995239258,40,OPTIMAL,0.9755802948427748,rwlav,100.0,LD3F,1.951385330278832e-5,2.29242419429454e-5,5.564448244110842e-5,1.4551002633284016e-5,1.633929727066774e-5,3.556557084864464e-5,100.0
4,4,0.11506199836730957,180,OPTIMAL,4.356699818126682,rwlav,100.0,LD3F,1.4170655207479399e-5,1.7642961505082155e-5,0.00016701184062029029,5.605760536612584e-6,9.90874033434366e-6,8.002736866754567e-5,100.0
4,5,0.012089967727661133,45,OPTIMAL,1.0671222382457066,rwlav,100.0,LD3F,2.6292670888272696e-5,1.6322906704502316e-5,4.42977586090354e-5,9.52881023576799e-6,9.7556690660916e-6,2.2528264430092076e-5,100.0
4,6,0.017351150512695312,60,OPTIMAL,1.4212725619268562,rwlav,100.0,LD3F,8.000096855753647e-5,4.110021619907478e-5,9.285661423774627e-5,6.447295572416707e-5,2.356251875906823e-5,6.074076202102393e-5,100.0
5,1,0.002240896224975586,12,OPTIMAL,0.253798107035915,rwlav,100.0,LD3F,6.803924049725296e-6,3.6221200625519145e-6,9.028770199481784e-6,4.524513676810542e-6,1.8500252326747457e-6,3.11287662043321e-6,100.0
5,2,0.009283065795898438,40,OPTIMAL,1.0412143639197828,rwlav,100.0,LD3F,1.0685821565825648e-5,1.93465933986392e-5,0.00010505913831893032,3.7678484191339122e-6,4.516927307604557e-6,4.307415326040287e-5,100.0
5,3,0.3253488540649414,317,OPTIMAL,18.671071164610566,rwlav,100.0,LD3F,0.000994609196905083,0.0004990215247335783,0.0005566976249768985,0.000962883270814416,0.0004150840957566909,0.00038717464474671755,100.0
5,4,0.01715707778930664,65,OPTIMAL,1.6339634741577322,rwlav,100.0,LD3F,2.563235898822569e-5,3.1772080537617597e-6,7.703597067654222e-5,2.1390394419551483e-5,1.5621392769013746e-6,4.546076975627896e-5,100.0
5,5,0.05002713203430176,104,OPTIMAL,4.215612508462415,rwlav,100.0,LD3F,0.0008653141586185686,0.0005447147793555818,0.00046622085999570295,0.0006234432724341535,0.0003023488889434395,0.0002965206174000391,100.0
5,6,0.009005069732666016,38,OPTIMAL,0.9456316850906213,rwlav,100.0,LD3F,1.3979297084798503e-5,1.6375041352434394e-5,3.229819961525493e-5,6.874223021889249e-6,1.0135287817511349e-5,1.9200409959998616e-5,100.0
5,7,0.013581037521362305,48,OPTIMAL,1.239048476510781,rwlav,100.0,LD3F,1.7419185650346947e-5,6.5617819648977616e-6,3.570582022405233e-5,4.55810226000312e-6,1.7699915999027278e-6,1.967787331322764e-5,100.0
5,8,0.030421972274780273,84,OPTIMAL,1.8702755153918553,rwlav,100.0,LD3F,1.2418939024927411e-5,1.4868832767689355e-5,4.709808273606342e-5,5.845855892398315e-6,8.375270588667494e-6,2.171106882686053e-5,100.0
6,1,0.19563984870910645,201,OPTIMAL,5.5843416123202445,rwlav,100.0,LD3F,3.600092789390885e-5,4.197136165484672e-5,0.00027100333815632816,1.1232402969547496e-5,2.2454434240743527e-5,7.11538644919983e-5,100.0
6,2,0.03621697425842285,89,OPTIMAL,2.778995362851788,rwlav,100.0,LD3F,3.8652602497135646e-5,1.4446744502016884e-5,3.0531785430998326e-5,7.616565362674831e-6,9.7169717043641e-6,1.887310233874088e-5,100.0
7,1,0.061125993728637695,139,OPTIMAL,7.9815350120484165,rwlav,100.0,LD3F,0.00048360276801195923,0.0003174408435793197,0.00046406995437831,0.00044732856418846237,0.00015778176794308395,0.0003953596105534631,100.0
7,2,0.06004810333251953,121,OPTIMAL,4.013223657716105,rwlav,100.0,LD3F,8.503524813852081e-5,6.02964493645608e-5,0.00039651080656066817,6.486711796802896e-5,3.554083771222385e-5,0.00020472506587110583,100.0
7,3,0.04237508773803711,107,OPTIMAL,3.3386656809657564,rwlav,100.0,LD3F,3.8517087822986795e-5,6.875225315106093e-5,0.0003242705432016102,1.687761861361286e-5,4.7755961680088935e-5,0.00013976950692616186,100.0
7,4,0.4031991958618164,358,OPTIMAL,25.820083434857878,rwlav,100.0,LD3F,0.00046841377516526617,0.0004973127066980609,0.0006768074849305972,0.00024736606582114644,0.0003770540463720467,0.0004917689315978083,100.0
7,5,0.04823708534240723,127,OPTIMAL,3.8731691199565854,rwlav,100.0,LD3F,5.810690170027222e-5,4.711336214868744e-5,0.00039868950628751954,2.1035136119761527e-5,1.5109870700933078e-5,0.00012422681557805766,100.0
7,6,0.008455038070678711,29,OPTIMAL,1.4011366130615552,rwlav,100.0,LD3F,1.0844959838385293e-5,1.87729851721663e-5,2.6556532053190196e-5,7.140257367278179e-6,1.0349850687412769e-5,2.0531847818901168e-5,100.0
7,7,0.009779214859008789,39,OPTIMAL,1.2323828342338303,rwlav,100.0,LD3F,1.2530333683979933e-5,2.114170899258916e-5,4.509056243495735e-5,6.568323191324373e-6,1.0398964525265706e-5,2.9465954997705448e-5,100.0
9,1,0.1058340072631836,172,OPTIMAL,3.8115817729135895,rwlav,100.0,LD3F,2.752510780501538e-5,2.0234640459859676e-5,6.304219153907553e-5,1.3235241379055317e-5,8.922740318669771e-6,3.185770814608388e-5,100.0
9,2,0.006916999816894531,25,OPTIMAL,1.2654105286423751,rwlav,100.0,LD3F,1.2178643038485149e-6,2.1427357603798214e-6,1.0199499087981678e-5,7.943432822443697e-7,4.712407964468923e-7,9.137352791617204e-6,100.0
9,3,0.006183147430419922,24,OPTIMAL,1.2127916246761676,rwlav,100.0,LD3F,1.0677647521717404e-6,3.0496141221192374e-6,9.188579494834315e-6,6.720204983416226e-7,8.028487804567774e-7,8.166499265244154e-6,100.0
9,4,0.0067479610443115234,25,OPTIMAL,1.2636465514569954,rwlav,100.0,LD3F,1.2205151203037445e-6,6.15453040286873e-6,1.0664681895145023e-5,8.076071075713287e-7,6.262957071090369e-7,9.190506960381484e-6,100.0
9,5,0.17110800743103027,252,OPTIMAL,7.807562305673031,rwlav,100.0,LD3F,5.5106488423106725e-5,0.0003344894712911106,0.0004157239844659877,1.497728381963954e-5,0.00022643875531367657,0.00026102416437377685,100.0
9,6,0.008038997650146484,27,OPTIMAL,1.3204149505603409,rwlav,100.0,LD3F,3.4710528951098496e-6,1.8081211938802966e-6,1.010232587117521e-5,1.0889186469310708e-6,6.29940183724017e-7,8.479469477816213e-6,100.0
10,1,0.00887298583984375,30,OPTIMAL,1.2397509153142814,rwlav,100.0,LD3F,4.4198142019613584e-6,9.41099031415149e-6,1.3503932051461831e-5,1.2284630389380879e-6,2.8348270404654486e-6,9.118306264051708e-6,100.0
10,2,0.003268003463745117,16,OPTIMAL,0.30756301718804385,rwlav,100.0,LD3F,3.9153590731810795e-6,1.5794416403647205e-6,9.519052190265498e-6,1.2711192384773362e-6,6.528939762787123e-7,3.4867887130779485e-6,100.0
10,3,0.011013031005859375,46,OPTIMAL,0.8524863614596631,rwlav,100.0,LD3F,1.3497370979331791e-5,3.1857773129528866e-6,3.1189182833735174e-5,9.836182349471054e-6,1.5779330146596842e-6,2.485289967072472e-5,100.0
10,4,0.004892826080322266,23,OPTIMAL,0.4319409066902454,rwlav,100.0,LD3F,3.5483692479854057e-6,3.3678730728681217e-6,8.900560504399024e-6,1.8235040599916445e-6,8.613994009392015e-7,4.836116706246932e-6,100.0
10,5,0.005359172821044922,24,OPTIMAL,0.6444902085145675,rwlav,100.0,LD3F,6.764597881403489e-6,3.087750207519946e-6,1.5109909301536106e-5,3.75584933420825e-6,1.2496913761548638e-6,9.928023492709418e-6,100.0
10,6,0.003776073455810547,19,OPTIMAL,0.3117730524540404,rwlav,100.0,LD3F,2.2387209994700896e-6,3.4010270613116234e-6,5.0478387376706735e-6,9.746354729594186e-7,1.6715221546308095e-6,2.9134969701483688e-6,100.0
11,1,0.01161503791809082,42,OPTIMAL,1.5881319645042273,rwlav,100.0,LD3F,5.937987319626359e-6,1.6178254284238136e-5,3.259768956853648e-5,3.701634608457188e-6,9.048746343115213e-6,2.685765990150299e-5,100.0
11,2,0.002157926559448242,10,OPTIMAL,0.1974750251820254,rwlav,100.0,LD3F,5.977234260434727e-6,1.7316585159132813e-6,5.853815978174026e-6,3.1548916797574656e-6,9.218939465482912e-7,1.392368233199548e-6,100.0
11,3,0.019158124923706055,65,OPTIMAL,1.704228017518114,rwlav,100.0,LD3F,1.7032207440426106e-5,8.070960312966946e-6,6.0923631530318545e-5,1.3516629064051872e-5,2.8107739261326804e-6,3.862480507131466e-5,100.0
11,4,0.05311083793640137,114,OPTIMAL,3.4648363261047654,rwlav,100.0,LD3F,2.271537178932803e-5,5.558515815851095e-5,0.00015833531117226407,1.311679886328464e-5,2.0604223917716818e-5,7.221182484604371e-5,100.0
11,5,0.0724039077758789,157,OPTIMAL,6.6968733393166175,rwlav,100.0,LD3F,5.404033804601305e-5,9.604399382046047e-5,0.00046661982492057774,3.30506708892728e-5,3.946489148052248e-5,0.0003440106753537252,100.0
12,1,0.24442005157470703,247,OPTIMAL,11.588492340212566,rwlav,100.0,LD3F,0.0004751497135560001,0.00042768644704915815,0.0004255732843823079,0.00032071427732620176,0.0003168343941172876,0.0002988673228145259,100.0
12,2,0.11174607276916504,167,OPTIMAL,4.839881616927604,rwlav,100.0,LD3F,0.00018268260491161037,0.0002587466710148867,0.0004120159034179949,0.00011377016939741133,0.00019051303394331616,0.00024737818098993097,100.0
12,3,0.10529303550720215,153,OPTIMAL,5.629391942171883,rwlav,100.0,LD3F,0.0003284485147594385,0.00010331887668146855,0.0004049189131045683,0.0003028716086371996,7.699758448857395e-5,0.00034093116699941104,100.0
13,1,0.03302192687988281,89,OPTIMAL,3.299180791875009,rwlav,100.0,LD3F,1.726021509429465e-5,0.00010599839630653918,0.0003970674051616552,9.642589320675998e-6,8.612380937124018e-5,0.00027561910602464637,100.0
13,2,0.024431943893432617,82,OPTIMAL,1.854959247934124,rwlav,100.0,LD3F,9.274308880646842e-6,2.4311042147617812e-5,4.0962284911127966e-5,4.797854927379042e-6,8.400720506579068e-6,2.2258579796273254e-5,100.0
13,3,0.0019910335540771484,10,OPTIMAL,0.14640877648182882,rwlav,100.0,LD3F,2.337049888279097e-6,1.6106588744957406e-6,6.484451504640276e-7,8.411478356173952e-7,7.210174763905286e-7,3.294311324730792e-7,100.0
13,4,0.1295788288116455,182,OPTIMAL,121.3820412641491,rwlav,100.0,LD3F,0.004238455337950087,0.021916068140764855,0.0012868365419174133,0.00386449125638391,0.0022138946541102197,0.0010967762442222666,100.0
15,1,0.09547185897827148,167,OPTIMAL,4.579358315716916,rwlav,100.0,LD3F,6.507194818627937e-5,5.996167547750453e-5,0.0004008045709766872,1.5021283629262084e-5,4.918097466885989e-5,0.00016230956086050427,100.0
15,2,0.11675381660461426,200,OPTIMAL,6.415596723292005,rwlav,100.0,LD3F,0.00015387388464938034,4.520327840573657e-5,0.0004102415673357118,0.0001220807799162993,1.9735769832291972e-5,0.00019206708733262857,100.0
15,3,0.2760770320892334,306,OPTIMAL,16.053455294249822,rwlav,100.0,LD3F,0.0004408147022147979,0.0003168586695505571,0.0004434021724117887,0.0003975185973353411,0.0002919358801632704,0.0003694232606228147,100.0
15,4,0.20517492294311523,260,OPTIMAL,9.854610208244782,rwlav,100.0,LD3F,8.335253274593946e-5,0.00032475926536901234,0.00042284676193471427,3.464939631714689e-5,0.0002673073123874377,0.00033356223883110455,100.0
15,5,0.01248788833618164,49,OPTIMAL,1.3229582929415162,rwlav,100.0,LD3F,1.327387271077285e-5,1.2838630824463237e-5,5.968463511529798e-5,6.40288003706422e-6,4.119130747123719e-6,3.789335003070483e-5,100.0
15,6,0.053700923919677734,120,OPTIMAL,3.44527575424178,rwlav,100.0,LD3F,4.7386927027659453e-5,3.230697223277623e-5,0.00022255079318012072,2.36009846349583e-5,2.1889009489606258e-5,6.580795687614234e-5,100.0
15,7,0.04328107833862305,100,OPTIMAL,2.7399349344550656,rwlav,100.0,LD3F,3.928416659415568e-5,3.907149660342668e-5,5.28087374382924e-5,2.291129771354372e-5,1.564935586016114e-5,3.869692177619788e-5,100.0
16,1,0.02404499053955078,76,OPTIMAL,1.9800419238642517,rwlav,100.0,LD3F,8.04304020385338e-6,2.1220303802582663e-5,4.371578020823108e-5,3.4800888201443717e-6,3.945367887678736e-6,2.2459467680988493e-5,100.0
16,2,0.052909135818481445,150,OPTIMAL,5.233097355087607,rwlav,100.0,LD3F,7.832976990762575e-5,0.00021135912410330526,0.00022263628017227255,2.688115525626422e-5,0.00011164330562640027,0.00012037468473119409,100.0
16,3,0.058825016021728516,142,OPTIMAL,4.12835613090695,rwlav,100.0,LD3F,0.00010354545042301488,2.5058288526169648e-5,0.00039651080656066817,9.113974260587571e-5,1.0834398609983303e-5,0.00020409328261878037,100.0
16,4,0.04382491111755371,127,OPTIMAL,3.8640387710265447,rwlav,100.0,LD3F,0.00014395370542730213,1.965129356751305e-5,0.00043449804340722764,0.00011309307116742565,6.828176433172377e-6,0.0002819812526522559,100.0
17,1,0.27479982376098633,378,OPTIMAL,18.56080864658532,rwlav,100.0,LD3F,0.0005264005254967952,0.0004215628969574947,0.0004664728620416003,0.000480285086270304,0.00039336092259208784,0.0003907738010424837,100.0
17,2,0.0036079883575439453,19,OPTIMAL,0.49576655841736966,rwlav,100.0,LD3F,4.3460763354818965e-6,7.041625214920799e-6,6.607880201459082e-6,2.5118936752131415e-6,2.122402828287409e-6,4.23202097639481e-6,100.0
17,3,0.059320926666259766,157,OPTIMAL,5.977701704716889,rwlav,100.0,LD3F,0.0001141580835306577,0.00025884738386117156,0.0004107527752272855,8.804766519597878e-5,0.0002274229640362112,0.0003340577461500216,100.0
17,4,0.09973907470703125,215,OPTIMAL,8.485596604817967,rwlav,100.0,LD3F,0.0005107041186973582,0.00013777867085029705,0.0004999431176784253,0.000455237594233872,7.788763078724853e-5,0.000397810288920638,100.0
17,5,0.2925601005554199,316,OPTIMAL,11.196778373529568,rwlav,100.0,LD3F,0.00021076940828601565,0.0001797498384403795,0.00041271463721681556,0.0001502240418806408,8.091255014790171e-5,0.00034858313125162493,100.0
17,6,0.3589620590209961,438,OPTIMAL,16.707502586891806,rwlav,100.0,LD3F,0.00017475537056466095,0.0003531534718488327,0.0004443806282175,6.520868173929821e-5,0.000240483751832411,0.00035952339061213936,100.0
17,7,0.16908884048461914,221,OPTIMAL,13.500595129680047,rwlav,100.0,LD3F,0.0004935461600945601,0.00048200728300318296,0.00044870528350360317,0.00039179285485714955,0.00039272189262909316,0.0003645146948377844,100.0
18,1,0.036866188049316406,106,OPTIMAL,3.279082690667316,rwlav,100.0,LD3F,2.514005405984676e-5,2.8888616372846343e-5,0.00026833778400647823,8.732932621080756e-6,1.4517809023665724e-5,0.00010945278678559205,100.0
18,2,0.015844106674194336,53,OPTIMAL,1.2465612253898168,rwlav,100.0,LD3F,6.192984384201239e-6,1.0761076646659262e-5,2.9611495464987314e-5,1.9801533343420374e-6,5.625878661236729e-6,2.2117677225699742e-5,100.0
18,3,0.042489051818847656,110,OPTIMAL,3.862218604187318,rwlav,100.0,LD3F,0.00013411712835287304,0.0002565609671185687,0.00039651080656066817,8.084552362658965e-5,0.00022998409630178396,0.00027240815238394663,100.0
18,4,0.020314931869506836,74,OPTIMAL,1.8321056253481718,rwlav,100.0,LD3F,2.2456210784227437e-5,2.16928611687095e-5,7.442826538150982e-5,4.415735591178915e-6,1.733362168061165e-5,4.4095137783200014e-5,100.0
18,5,0.029695987701416016,88,OPTIMAL,2.1459524839659028,rwlav,100.0,LD3F,2.057568801738796e-5,1.0966651150745577e-5,0.0001040080152776568,4.849174483398641e-6,5.8488426480475155e-6,3.7784421998630785e-5,100.0
18,6,0.010381937026977539,46,OPTIMAL,1.2512535051434097,rwlav,100.0,LD3F,1.002554392326438e-5,8.708380769384405e-6,0.00010274819844924288,4.655812771276155e-6,2.713849817689247e-6,3.807821030287834e-5,100.0
18,7,0.01430821418762207,58,OPTIMAL,1.5046382203024222,rwlav,100.0,LD3F,1.4015022026692137e-5,2.68965073284555e-5,9.16905244501276e-5,5.385582213003376e-6,9.268158805372125e-6,4.3487517805270984e-5,100.0
18,8,0.011245012283325195,48,OPTIMAL,1.2125725642463294,rwlav,100.0,LD3F,1.2451398848201123e-5,1.3473318244638932e-5,5.267002156239542e-5,2.652537957663348e-6,9.678720239061911e-6,3.0278023128780623e-5,100.0
18,9,0.03885316848754883,98,OPTIMAL,3.077974330456999,rwlav,100.0,LD3F,5.7623924751171174e-5,7.039288897647822e-5,0.00040629346283393986,2.5666091276915884e-5,3.458315238766331e-5,0.00018505056551087123,100.0
19,1,0.04429888725280762,111,OPTIMAL,3.0095382532915105,rwlav,100.0,LD3F,5.8229874307702545e-5,2.2002028918555183e-5,0.00039651080656066817,2.3295689893185375e-5,8.847132801124468e-6,0.00014886897927362635,100.0
19,2,0.08617901802062988,214,OPTIMAL,7.925604214719723,rwlav,100.0,LD3F,7.126393700263023e-5,0.00030381092253173314,0.0005028952071008952,3.880223426680096e-5,0.00025382845170936,0.0002218368392628048,100.0
19,3,0.04826688766479492,138,OPTIMAL,6.889009430260692,rwlav,100.0,LD3F,0.0005160780759492223,0.0002300307849825156,0.0004400291045862925,0.0004209892114199126,0.00010759645590257783,0.00033660127917339936,100.0
19,4,0.02775406837463379,111,OPTIMAL,3.7968598940903835,rwlav,100.0,LD3F,8.17508302254355e-5,0.00021493383620674322,0.00039651080656066817,5.281300992811179e-5,0.0001288045812736077,0.0001502165139904146,100.0
19,5,0.05599689483642578,149,OPTIMAL,6.362532821618186,rwlav,100.0,LD3F,0.00038143231946730083,7.919180395665748e-5,0.0006086236606035467,0.0003510369453952121,3.6911246329465424e-5,0.0003804644485175134,100.0
20,1,0.00793004035949707,29,OPTIMAL,1.4795090743205077,rwlav,100.0,LD3F,1.7661553570746946e-6,4.23377038161199e-6,1.1181313245511859e-5,1.126628283898806e-6,7.179479368484441e-7,9.830130949676333e-6,100.0
20,2,0.01495504379272461,56,OPTIMAL,1.4004290544877318,rwlav,100.0,LD3F,1.1961751887223926e-5,1.3659895809370326e-5,4.473664809823141e-5,2.498674675059455e-6,3.858270194933329e-6,1.617494908049252e-5,100.0
20,3,0.03151583671569824,94,OPTIMAL,3.7102463149342184,rwlav,100.0,LD3F,5.9363516030197516e-5,4.9571849718654803e-5,6.892271652170212e-5,4.9775744813158086e-5,3.368652112974305e-5,5.023227816875747e-5,100.0
20,4,0.008889913558959961,32,OPTIMAL,1.7137701073818477,rwlav,100.0,LD3F,2.169029237553133e-6,2.4978636397055e-6,1.093034020294148e-5,7.429475761266957e-7,1.7848407752041329e-6,9.949237677164824e-6,100.0
20,5,0.007537841796875,26,OPTIMAL,1.3952084018842323,rwlav,100.0,LD3F,2.681172678764554e-6,5.870550077835546e-6,6.3846719227100834e-6,1.9480142279345495e-6,1.4906556771678335e-6,5.485548900742752e-6,100.0
21,1,0.011591911315917969,51,OPTIMAL,1.1569910315724437,rwlav,100.0,LD3F,1.4609455026404206e-5,9.195943228457182e-6,2.6817356055142128e-5,8.344587230496255e-6,2.8258309690695707e-6,1.6850654945157647e-5,100.0
21,2,0.012753963470458984,50,OPTIMAL,1.2913106314197897,rwlav,100.0,LD3F,2.2179406869105023e-5,6.691770122912999e-6,2.9970504043852486e-5,4.488988251880599e-6,3.999982310900485e-6,1.4184101240033441e-5,100.0
21,3,0.043884992599487305,132,OPTIMAL,3.4450853595781123,rwlav,100.0,LD3F,1.7892195670388134e-5,1.2069339350162522e-5,0.00010196183633071065,1.2225482448144112e-5,7.392494371976021e-6,5.7334078876072134e-5,100.0
21,4,0.011183977127075195,42,OPTIMAL,1.071165985314151,rwlav,100.0,LD3F,1.2196012567855519e-5,1.4966788942638587e-5,2.2735231891113372e-5,2.6479772461343455e-6,3.7585273028064476e-6,1.0986301241765525e-5,100.0
21,5,0.016325950622558594,62,OPTIMAL,1.418521333394566,rwlav,100.0,LD3F,6.369740629619258e-6,1.5164983876880811e-5,3.181978560107268e-5,3.6818851513115682e-6,4.0320018352001425e-6,2.008249783255666e-5,100.0
22,1,0.016491174697875977,60,OPTIMAL,1.6798635922565692,rwlav,100.0,LD3F,3.532829397068227e-5,1.8785015661437754e-5,7.086819036339342e-5,2.7700066564910013e-5,1.0882473355614912e-5,4.3258679233252696e-5,100.0
22,2,0.005593061447143555,29,OPTIMAL,0.7249359099866617,rwlav,100.0,LD3F,1.4208707530549702e-5,8.70933803609475e-6,1.923346385301894e-5,1.1035949407235057e-5,3.1846886214902355e-6,1.3729443202685918e-5,100.0
22,3,0.024896860122680664,100,OPTIMAL,3.9301667996363636,rwlav,100.0,LD3F,0.0003348725013325726,5.824325379810702e-5,0.0004635898019027529,0.0003170000308079124,4.023204590419383e-5,0.0003126963120314219,100.0
22,4,0.011541128158569336,56,OPTIMAL,1.5320265829381046,rwlav,100.0,LD3F,1.4975052351706708e-5,8.529045783656208e-5,0.00010273237937807878,6.773725938178218e-6,6.495091754436997e-5,6.644720070830041e-5,100.0
22,5,0.01581096649169922,63,OPTIMAL,1.872100160348453,rwlav,100.0,LD3F,8.962651395272303e-5,5.911810588776767e-5,0.00010742349234083015,8.01922561156755e-5,3.968610468410263e-5,7.780093841194339e-5,100.0
22,6,0.021090030670166016,78,OPTIMAL,2.092414324481224,rwlav,100.0,LD3F,2.6034411213959885e-5,3.150158089781918e-5,0.0003405365461679466,1.181691393786054e-5,1.838837294678765e-5,0.00011051975187502644,100.0
23,1,0.11473798751831055,195,OPTIMAL,6.792369383928539,rwlav,100.0,LD3F,8.392906141563294e-5,0.00013619234846262707,0.0004835040479573838,1.933609134913452e-5,9.529814340893835e-5,0.0002597597090580899,100.0
23,2,0.028688907623291016,100,OPTIMAL,2.3857212922247855,rwlav,100.0,LD3F,3.0386051831143845e-5,8.255026441306157e-6,7.45368509824651e-5,1.3048301571210174e-5,3.3395815091386003e-6,3.517660629574815e-5,100.0
23,3,0.0016138553619384766,6,OPTIMAL,0.1465290351732945,rwlav,100.0,LD3F,3.043206248776187e-6,1.4419347238447955e-6,3.217668399502216e-7,1.0992920706683524e-6,6.636450995041917e-7,1.6322313256544874e-7,100.0
23,4,0.09968900680541992,153,OPTIMAL,5.010294570445462,rwlav,100.0,LD3F,8.860134822108456e-5,1.4120987578358779e-5,0.0004198483248554208,3.687720645614355e-5,4.434495262819283e-6,0.0002464000513611756,100.0
23,5,0.027432918548583984,84,OPTIMAL,3.028383925644743,rwlav,100.0,LD3F,8.090002454519407e-5,3.8537380284253686e-5,0.00039651080656066817,1.0444647431588164e-5,1.4402817667349832e-5,0.00011963010722684664,100.0
25,1,0.0056650638580322266,26,OPTIMAL,0.638389335228694,rwlav,100.0,LD3F,4.2486760571947e-6,1.918482342100347e-6,8.12494577095979e-6,2.4408319578326742e-6,3.8292826937552223e-7,3.964927571734696e-6,100.0
25,2,0.009469985961914062,40,OPTIMAL,1.0244491466596943,rwlav,100.0,LD3F,5.615758807642202e-6,4.757367205510121e-6,1.0864372765984065e-5,2.087404634787404e-6,1.8862941291275526e-6,5.59509846468631e-6,100.0
25,3,0.006445169448852539,29,OPTIMAL,0.779353810211765,rwlav,100.0,LD3F,4.1056489361590565e-6,3.7432559887307093e-6,1.2114922883221801e-5,2.0002448510169424e-6,8.271902609699934e-7,8.230847628239503e-6,100.0
1,1,1.153932809829712,118,LOCALLY_SOLVED,2.2954637745946465,rwlav,100.0,rIVR,0.00016270881357249856,0.000195989662018059,0.00024514233519634665,4.495933736002106e-5,5.7139733553522846e-5,0.00013720107096624058,100.0
1,2,0.1851208209991455,67,LOCALLY_SOLVED,1.3042190733709527,rwlav,100.0,rIVR,7.587188502933273e-5,0.00010287627297511648,0.0001588073587011074,2.335726242666743e-5,3.258511758262646e-5,9.802937084492472e-5,100.0
1,3,0.44818997383117676,82,LOCALLY_SOLVED,1.6164818275999668,rwlav,100.0,rIVR,8.563549816997806e-5,0.00016513274117802013,0.0002402303015633933,3.466789757391128e-5,8.005275822541048e-5,0.0001476327589968036,100.0
1,4,0.6041839122772217,157,LOCALLY_SOLVED,3.025344190739919,rwlav,100.0,rIVR,0.000294300367061906,0.00038496596721193654,0.00047983325452638503,9.475543432799022e-5,0.0001282467081090989,0.00027251178275804563,100.0
2,1,1.5835201740264893,364,LOCALLY_SOLVED,7.08598366828159,rwlav,100.0,rIVR,0.0005428499914872376,0.00041636909624998,0.0004238006550325579,8.423774501192682e-5,8.828691943547555e-5,0.0002803703373272149,100.0
2,2,1.5637221336364746,283,LOCALLY_SOLVED,5.667666759512357,rwlav,100.0,rIVR,0.0007351917610793901,0.00041636983423010143,0.000630383330443296,0.00019919532469459106,0.00010951235557805922,0.0003385479423854865,100.0
2,3,1.4585351943969727,232,LOCALLY_SOLVED,4.514166312139322,rwlav,100.0,rIVR,0.000470767806059591,0.00041636125045974026,0.000612744891373973,0.00012856727672896055,0.0001104167102096738,0.0003145333456901403,100.0
2,4,0.7935950756072998,247,LOCALLY_SOLVED,4.534443831759196,rwlav,100.0,rIVR,0.0005590550429042107,0.00019428248500719114,0.0004682301332563643,0.00027218675535577787,6.108599473678155e-5,0.00038408712885208294,100.0
2,5,0.2116708755493164,53,LOCALLY_SOLVED,0.9821625979210583,rwlav,100.0,rIVR,3.244830754178807e-5,3.483614817678671e-5,6.986954659948807e-5,1.0246201751810145e-5,1.0906414112327493e-5,4.865765504170344e-5,100.0
3,1,1.9084100723266602,191,LOCALLY_SOLVED,3.869288480444998,rwlav,100.0,rIVR,0.0005052103632279259,0.000242684733261056,0.0004303680964146128,6.097870774752848e-5,6.048867447110394e-5,0.0002051779353888376,100.0
3,2,1.3635969161987305,141,LOCALLY_SOLVED,2.861131863739254,rwlav,100.0,rIVR,0.0001524077714951666,0.0001368875762628452,0.00021323198606393312,3.216570816300743e-5,4.542145833085611e-5,0.00011873942281070656,100.0
3,3,1.0417308807373047,208,LOCALLY_SOLVED,4.049679727894261,rwlav,100.0,rIVR,0.00026105753336036486,0.0003279432376959157,0.00044943038679501335,5.887074203900543e-5,0.00013406060377385885,0.0002863785793652321,100.0
3,4,0.6569719314575195,79,LOCALLY_SOLVED,1.5903050404128503,rwlav,100.0,rIVR,0.00011666352456551898,0.00017018916223698888,0.0002261392114608629,3.209906057453476e-5,5.4747027760692334e-5,0.00011702613122343124,100.0
3,5,0.21306490898132324,44,LOCALLY_SOLVED,0.8991302408651664,rwlav,100.0,rIVR,7.784176523983888e-5,1.6129014368093664e-5,4.161325970508667e-5,4.851094099952738e-6,8.96627217893005e-6,3.308563841707009e-5,100.0
3,6,0.6274559497833252,103,LOCALLY_SOLVED,2.0912000914980777,rwlav,100.0,rIVR,0.00016822179667497217,0.0001296979380409624,0.00011114685651802958,2.904324920558757e-5,3.452771360019991e-5,5.588137175443448e-5,100.0
4,1,0.26981401443481445,54,LOCALLY_SOLVED,1.0241710947790408,rwlav,100.0,rIVR,1.3222351274766453e-5,3.401291787996641e-5,5.712049932560248e-5,2.0094808255320004e-6,1.4238660119127835e-5,4.22757361620172e-5,100.0
4,2,0.1651139259338379,36,LOCALLY_SOLVED,0.6782211245267783,rwlav,100.0,rIVR,2.9552878992866738e-5,2.8732211916904227e-5,6.70833634905943e-5,1.2428867270831824e-5,1.2315997227023577e-5,4.641041227964234e-5,100.0
4,3,0.2093801498413086,40,LOCALLY_SOLVED,0.7231207092532456,rwlav,100.0,rIVR,2.1341325442403303e-5,3.69242729625352e-5,7.035277181843824e-5,6.886028255043141e-6,1.631715194657657e-5,4.433494078226185e-5,100.0
4,4,1.1705400943756104,180,LOCALLY_SOLVED,3.5018208913719713,rwlav,100.0,rIVR,0.00025811647435691754,0.0002947391763619134,0.00035488589705967577,5.9349118971609e-5,6.818238137832827e-5,0.0001553307382649416,100.0
4,5,0.31247997283935547,45,LOCALLY_SOLVED,0.8521405283464508,rwlav,100.0,rIVR,2.406826269685247e-5,4.2559861658686415e-5,6.246121301067831e-5,7.787137433309018e-6,1.4467787481060096e-5,3.684772919427321e-5,100.0
4,6,0.3260009288787842,60,LOCALLY_SOLVED,1.0553543674735975,rwlav,100.0,rIVR,7.725941761949073e-5,0.00010004662806473164,0.00014125863919645099,2.4202619405322422e-5,3.3539215509662916e-5,8.174467055812595e-5,100.0
5,1,0.05262398719787598,12,LOCALLY_SOLVED,0.174464752206067,rwlav,100.0,rIVR,5.97951069458702e-6,5.5668809667563934e-6,1.3336827518140026e-5,3.5753849501052315e-6,2.7820985851190194e-6,5.590246545746543e-6,100.0
5,2,0.2532980442047119,40,LOCALLY_SOLVED,0.7624701154525623,rwlav,100.0,rIVR,1.8029343179959412e-5,4.983968576599551e-5,8.268296061486602e-5,7.124350294340775e-6,1.979573184448802e-5,4.7431825147575823e-5,100.0
5,3,2.4389238357543945,317,LOCALLY_SOLVED,6.11405369748524,rwlav,100.0,rIVR,0.0005831045104118804,0.00033795543602122,0.0006417400043863264,0.0002438584053966131,4.741215057465396e-5,0.00043011747472063654,100.0
5,4,0.2797520160675049,65,LOCALLY_SOLVED,1.2675757829866097,rwlav,100.0,rIVR,9.052524101771375e-5,8.554126130122519e-5,0.00014258859179339112,2.8271609727508027e-5,3.307064240465511e-5,8.244419509943864e-5,100.0
5,5,0.4384591579437256,104,LOCALLY_SOLVED,2.038710882981458,rwlav,100.0,rIVR,0.00020247169301312873,0.00028151121252606437,0.00029758626949272227,5.7464462823305984e-5,9.763782685888349e-5,0.0001489297238310417,100.0
5,6,0.20871806144714355,38,LOCALLY_SOLVED,0.7275714013869162,rwlav,100.0,rIVR,2.6645685158310783e-5,1.4804789814748531e-5,3.068009934426019e-5,6.40580233309058e-6,6.086975609179876e-6,2.113285126904037e-5,100.0
5,7,0.17301607131958008,48,LOCALLY_SOLVED,0.9816048109081436,rwlav,100.0,rIVR,3.837457075617223e-5,3.239595018755814e-5,6.36997395322414e-5,1.027870623516077e-5,1.41896498293409e-5,3.824506039312494e-5,100.0
5,8,0.32557082176208496,84,LOCALLY_SOLVED,1.6219958044866043,rwlav,100.0,rIVR,4.942857010381552e-5,8.397504399315636e-5,0.00010080684482827174,1.7838035292750382e-5,1.7671341754624126e-5,5.500591681023438e-5,100.0
6,1,1.434631109237671,201,LOCALLY_SOLVED,4.913972957674952,rwlav,100.0,rIVR,0.00020601198912695295,0.0002460288467556193,0.0002190980492349226,4.393975994068586e-5,4.9397833917156115e-5,0.00013463311276660735,100.0
6,2,0.41840600967407227,89,LOCALLY_SOLVED,2.3258958662750397,rwlav,100.0,rIVR,4.034177918565973e-5,9.021525581176526e-5,5.001052073994039e-5,1.0557867230583528e-5,2.1366539326230558e-5,2.7743137032623874e-5,100.0
7,1,0.9584598541259766,139,LOCALLY_SOLVED,2.847260415529352,rwlav,100.0,rIVR,0.00026717834677358887,0.00020611709947182533,0.00044955457455353454,0.00010565237102081005,0.00010086112700220257,0.000280190487665652,100.0
7,2,0.37220001220703125,121,LOCALLY_SOLVED,2.4177132489766473,rwlav,100.0,rIVR,2.5719302719773296e-5,0.00010264589755804021,0.00020773883365055035,1.0513247471116017e-5,5.5658503191003765e-5,0.00013951104349173304,100.0
7,3,0.3549509048461914,107,LOCALLY_SOLVED,2.11172939499345,rwlav,100.0,rIVR,1.4670613247225184e-5,3.8194424518689374e-5,0.00011880868502611719,6.548197882104565e-6,2.4822268308853478e-5,9.559041797891733e-5,100.0
7,4,2.019467830657959,358,LOCALLY_SOLVED,7.4512283736070035,rwlav,100.0,rIVR,0.0004812125613655738,0.0002691159854513181,0.00040539178689469324,0.00019484277621772278,6.63758511892404e-5,0.0002791597938724063,100.0
7,5,0.7730808258056641,127,LOCALLY_SOLVED,2.5843307236973514,rwlav,100.0,rIVR,3.0457479608614335e-5,7.248686103678015e-5,0.00015140137366032036,6.317381377784774e-6,2.9606588597340204e-5,6.690884724429248e-5,100.0
7,6,0.1509721279144287,29,LOCALLY_SOLVED,0.9879910467839862,rwlav,100.0,rIVR,1.3465120694999833e-5,3.072324526698367e-5,2.0462928860598417e-5,7.832002412320105e-6,1.3797186705493278e-5,1.4387929941262689e-5,100.0
7,7,0.16395211219787598,39,LOCALLY_SOLVED,0.9396468696490501,rwlav,100.0,rIVR,2.7094062520438555e-5,3.352800596112537e-5,6.140882862748498e-5,5.821078361687381e-6,1.671055664921061e-5,3.845905420623133e-5,100.0
9,1,0.8402948379516602,172,LOCALLY_SOLVED,3.610567601622731,rwlav,100.0,rIVR,0.0001985753109050581,0.00019886994978635109,0.00022052926880666845,3.204908137620979e-5,2.3410914774668352e-5,8.518589844516183e-5,100.0
9,2,0.09562015533447266,25,LOCALLY_SOLVED,0.9028593843405309,rwlav,100.0,rIVR,2.6895520603975598e-6,2.6779430400969417e-6,1.1450154955960912e-5,4.14401803654485e-7,3.243808109543167e-7,1.029593087131353e-5,100.0
9,3,0.09174108505249023,24,LOCALLY_SOLVED,0.8597614964420515,rwlav,100.0,rIVR,2.5173443121140338e-6,1.8397124410540755e-6,1.000970932185652e-5,4.6464376463976426e-7,6.130007309349909e-7,8.922346462103548e-6,100.0
9,4,0.09626913070678711,25,LOCALLY_SOLVED,0.9028395479941699,rwlav,100.0,rIVR,2.6000775861234615e-6,2.388847976764197e-6,1.1993924253994592e-5,4.1799023215105535e-7,3.5496042960936336e-7,1.0389711946139358e-5,100.0
9,5,2.4982869625091553,252,LOCALLY_SOLVED,5.0379390521463465,rwlav,100.0,rIVR,0.00045065069518712697,0.0004163519965272311,0.0004290208545754126,7.357953194765698e-5,8.541449911743844e-5,0.0002493536005296743,100.0
9,6,0.09843301773071289,27,LOCALLY_SOLVED,0.9465150935553539,rwlav,100.0,rIVR,2.9394375333779976e-6,2.1952333577601735e-6,1.1232858028176196e-5,4.140583226656484e-7,4.120731825639644e-7,9.469308333495172e-6,100.0
10,1,0.1508960723876953,30,LOCALLY_SOLVED,0.9025018491728946,rwlav,100.0,rIVR,6.624863741810927e-6,8.086868474643794e-6,1.5498127222235425e-5,2.6304772537362927e-6,3.310709446776213e-6,1.0184935785299369e-5,100.0
10,2,0.0836641788482666,16,LOCALLY_SOLVED,0.2075872576359349,rwlav,100.0,rIVR,2.34066098703245e-6,2.139784811561185e-6,1.1776641839933433e-5,8.293917395513217e-7,8.997649598718738e-7,4.481574517385678e-6,100.0
10,3,0.1621260643005371,46,LOCALLY_SOLVED,0.6393340102204889,rwlav,100.0,rIVR,2.0122541479761225e-6,4.232032600026692e-6,3.6454850163680774e-5,9.378325725426807e-7,1.0528376845390628e-6,2.9394200911001825e-5,100.0
10,4,0.09788298606872559,23,LOCALLY_SOLVED,0.29471965141479267,rwlav,100.0,rIVR,3.1140602076984436e-6,3.464717679424467e-6,9.915838169893831e-6,1.152239051987783e-6,1.0584723035543953e-6,5.445245175993092e-6,100.0
10,5,0.12222099304199219,24,LOCALLY_SOLVED,0.46812988520621274,rwlav,100.0,rIVR,3.6223880810482e-6,4.342805883572609e-6,1.553290973510535e-5,1.2979334917118113e-6,1.2431785345647557e-6,1.0540553169124944e-5,100.0
10,6,0.08717989921569824,19,LOCALLY_SOLVED,0.2078419316256757,rwlav,100.0,rIVR,1.8942989339354455e-6,2.995407235806269e-6,5.849448925454581e-6,8.412507529651386e-7,1.3028256223436928e-6,3.491754918047868e-6,100.0
11,1,0.1367359161376953,42,LOCALLY_SOLVED,1.3257605568008402,rwlav,100.0,rIVR,2.0097640814897844e-5,1.4400610840903383e-5,5.4578985252184964e-5,1.398377124387348e-5,4.823026171536198e-6,4.5651705769861594e-5,100.0
11,2,0.06719303131103516,10,LOCALLY_SOLVED,0.13160937124361027,rwlav,100.0,rIVR,3.5277738615890897e-6,4.972793169799594e-6,1.0487332244846215e-5,2.324107570117473e-6,1.225926846748493e-6,3.5430653124501887e-6,100.0
11,3,0.4337460994720459,65,LOCALLY_SOLVED,1.3933157686399078,rwlav,100.0,rIVR,6.132704260131128e-5,6.671515711609288e-5,0.00013274038080868245,1.5278097614648608e-5,1.9847899508261226e-5,7.772969802866467e-5,100.0
11,4,0.6024069786071777,114,LOCALLY_SOLVED,2.5869065703946488,rwlav,100.0,rIVR,5.627952855546958e-5,6.197678568620191e-5,0.00012735805621155727,1.3399453185361266e-5,2.0179259892961238e-5,9.085408034859606e-5,100.0
11,5,1.571375846862793,157,LOCALLY_SOLVED,3.526837534593671,rwlav,100.0,rIVR,0.00012784424139744566,0.00016032912223296059,0.0002887373744331345,5.818797708115808e-5,7.272065998972381e-5,0.00019784732140181078,100.0
12,1,1.6601240634918213,247,LOCALLY_SOLVED,6.258802315629857,rwlav,100.0,rIVR,0.0010552481670287328,0.0004163484416510599,0.0006751579885269088,0.0004209003544323326,9.496622972194544e-5,0.00033371653995718656,100.0
12,2,0.9506878852844238,167,LOCALLY_SOLVED,3.3737327456065374,rwlav,100.0,rIVR,0.00018518465744721269,0.00016866005239069004,0.0003603129532121496,8.424830618067165e-5,7.010361763960613e-5,0.0002500438236437728,100.0
12,3,1.0683059692382812,153,LOCALLY_SOLVED,3.673786841717874,rwlav,100.0,rIVR,0.00015438582127869083,0.00016986221316783734,0.00039650084812237196,7.235611045496108e-5,9.077715383014665e-5,0.00027523362933855474,100.0
13,1,0.5696449279785156,89,LOCALLY_SOLVED,1.9054971033018193,rwlav,100.0,rIVR,5.233483566446928e-5,0.00011774538865427786,0.00021486322014818704,1.9958010509195583e-5,4.38614028146489e-5,0.00016002913456672079,100.0
13,2,0.31113290786743164,82,LOCALLY_SOLVED,1.586340945671239,rwlav,100.0,rIVR,3.5450765852429456e-5,4.2968076574334546e-5,7.033379841914211e-5,1.0676708885597355e-5,1.4793957786189863e-5,3.6171279293109795e-5,100.0
13,3,0.053503990173339844,10,LOCALLY_SOLVED,0.08823834485306532,rwlav,100.0,rIVR,2.326033669231009e-6,1.5113008220435376e-6,6.376489567472277e-7,8.363797907917636e-7,7.061733193536313e-7,3.225378938154222e-7,100.0
13,4,1.3365709781646729,182,LOCALLY_SOLVED,6.504597768049158,rwlav,100.0,rIVR,0.00048179866994557674,0.0004699561996204249,0.00042272918666652615,0.00041432304073850813,0.0004258239946529239,0.00040322244423805575,100.0
15,1,1.3574340343475342,167,LOCALLY_SOLVED,3.19855213748564,rwlav,100.0,rIVR,0.00023856832959179286,0.00023991798548261833,0.0003396383005203063,5.217279316992897e-5,4.35844469486315e-5,0.00017408604156305218,100.0
15,2,2.3756659030914307,200,LOCALLY_SOLVED,4.442611023334868,rwlav,100.0,rIVR,0.00029311101470419487,0.0002644641230991063,0.00036770518220530235,5.741023399565837e-5,6.428842329564421e-5,0.00016860275575355965,100.0
15,3,2.895699977874756,306,LOCALLY_SOLVED,6.736359474541149,rwlav,100.0,rIVR,0.0005569387493509215,0.0004008238503607764,0.0005386690267945582,0.00018290597825287784,6.132084680518675e-5,0.00033433943127182523,100.0
15,4,4.050335168838501,260,LOCALLY_SOLVED,5.5862793717883665,rwlav,100.0,rIVR,0.0003094556466971543,0.00031889986703537154,0.000519342469668338,8.378076293784364e-5,6.34672553259646e-5,0.00027642565163151053,100.0
15,5,0.3290889263153076,49,LOCALLY_SOLVED,0.9825257682376924,rwlav,100.0,rIVR,5.6151259424819244e-5,4.0043669126133e-5,7.31960783417751e-5,9.881633705304351e-6,1.8634026546598617e-5,3.980310609187603e-5,100.0
15,6,0.7813751697540283,120,LOCALLY_SOLVED,2.879759864095424,rwlav,100.0,rIVR,0.00010266427712912751,0.0001120129146063853,0.00014041858613667024,1.6142508239095726e-5,3.3116200727188275e-5,9.873998917043307e-5,100.0
15,7,0.6645190715789795,100,LOCALLY_SOLVED,2.3035951433262745,rwlav,100.0,rIVR,5.3481971426183605e-5,5.91646693883785e-5,0.00010400278170230592,1.689034080074814e-5,2.2742823213830477e-5,7.125483638374397e-5,100.0
16,1,0.35373902320861816,76,LOCALLY_SOLVED,1.668151874669474,rwlav,100.0,rIVR,9.166303454777314e-5,9.88962795005488e-5,0.00010835718425084018,2.2188801567936766e-5,2.604098971690987e-5,5.957907087356253e-5,100.0
16,2,0.8149800300598145,150,LOCALLY_SOLVED,3.0868684141867933,rwlav,100.0,rIVR,0.00011170836804130779,0.0003357493163158587,0.0001960250680363984,2.736254887967841e-5,8.044990282639534e-5,9.751533982651569e-5,100.0
16,3,0.6326780319213867,142,LOCALLY_SOLVED,2.8352408354062493,rwlav,100.0,rIVR,0.00014246354445246467,0.00020195082601714986,0.00025180589904061357,3.227293185115322e-5,3.813151283125549e-5,0.00016011521582777564,100.0
16,4,0.6648459434509277,127,LOCALLY_SOLVED,2.398951766186071,rwlav,100.0,rIVR,0.00012295666310246922,0.00012319209727751357,0.00025515928334818305,3.626106438305819e-5,5.630745223268959e-5,0.00017674036631031348,100.0
17,1,2.1752240657806396,378,LOCALLY_SOLVED,7.446181344119437,rwlav,100.0,rIVR,0.0006428089209264964,0.00040280111527746243,0.0006728550948464918,0.00026096169579681484,5.574600174028013e-5,0.00038660828195251855,100.0
17,2,0.06554102897644043,19,LOCALLY_SOLVED,0.3484691130397298,rwlav,100.0,rIVR,1.5007819688550583e-5,4.259915816984261e-6,1.223062779365236e-5,4.770410183517701e-6,2.2124196705775034e-6,6.05502422385288e-6,100.0
17,3,0.5680711269378662,157,LOCALLY_SOLVED,3.149144759327185,rwlav,100.0,rIVR,0.0002483841315070734,0.00029147854668409856,0.00040797100680678433,9.131403577669175e-5,9.565238223714624e-5,0.0002691987388114931,100.0
17,4,0.9786291122436523,215,LOCALLY_SOLVED,4.243415447806867,rwlav,100.0,rIVR,0.00043344620975394044,0.00026538655849095427,0.00047861899014889353,0.00011588012345799937,0.00010167164601400205,0.00031761258318251513,100.0
17,5,2.3739469051361084,316,LOCALLY_SOLVED,6.443052258843736,rwlav,100.0,rIVR,0.0002466354171555274,0.00042848525955041517,0.00040078140776556026,7.576232106454586e-5,0.00014218339532269127,0.00026267533925221055,100.0
17,6,3.745957136154175,438,LOCALLY_SOLVED,8.94263752106377,rwlav,100.0,rIVR,0.0007270845683648997,0.0004312931438148482,0.000494812458833982,0.0001713253939840891,0.00014359758990527315,0.0003075069836920593,100.0
17,7,0.9300010204315186,221,LOCALLY_SOLVED,4.738930256661824,rwlav,100.0,rIVR,0.0006214847522583167,0.0002408587637214854,0.0005694610166817604,0.00027534757278441615,7.662510661474579e-5,0.00032021344788752526,100.0
18,1,0.5880351066589355,106,LOCALLY_SOLVED,2.3759046444856935,rwlav,100.0,rIVR,5.40863247027179e-5,6.287304237551083e-5,0.0001126337825734236,1.1316276339503898e-5,1.0898600276671412e-5,8.990039220809115e-5,100.0
18,2,0.2723119258880615,53,LOCALLY_SOLVED,1.0261265017938443,rwlav,100.0,rIVR,6.0785963729159675e-6,4.515565182949821e-5,5.038616900154835e-5,2.4634552705159735e-6,9.468939445980026e-6,3.707507220843487e-5,100.0
18,3,0.4221479892730713,110,LOCALLY_SOLVED,2.1157353703790975,rwlav,100.0,rIVR,6.600606051199165e-5,0.00012094343311730427,0.00022810096302738891,2.089167087818599e-5,5.01846182206813e-5,0.00016401323187660197,100.0
18,4,0.2861471176147461,74,LOCALLY_SOLVED,1.445869305536205,rwlav,100.0,rIVR,3.9548529832789114e-5,5.3328984049194617e-5,9.471710561181901e-5,1.4909575414546229e-5,1.6138197179664862e-5,6.671174114220324e-5,100.0
18,5,0.4274940490722656,88,LOCALLY_SOLVED,1.787412676643927,rwlav,100.0,rIVR,3.787735381943769e-5,8.80889588998901e-5,0.0001053653773455121,7.535133910590121e-6,2.6037445524207392e-5,6.309492250594754e-5,100.0
18,6,0.1810131072998047,46,LOCALLY_SOLVED,0.9349666156913787,rwlav,100.0,rIVR,9.305402943526886e-6,2.985134377297971e-5,7.16597361738458e-5,2.1986565391217345e-6,1.57287524090504e-5,4.768804432618507e-5,100.0
18,7,0.2545499801635742,58,LOCALLY_SOLVED,1.1896536118310512,rwlav,100.0,rIVR,3.668751463647979e-5,6.103249502675823e-5,9.474764422057191e-5,1.2495279724869046e-5,2.3408336903061628e-5,5.693191193480689e-5,100.0
18,8,0.18224501609802246,48,LOCALLY_SOLVED,0.8963970942669969,rwlav,100.0,rIVR,2.3492343029674068e-5,4.4953744733566836e-5,6.008396304624242e-5,1.0518020620117752e-5,1.0538825848532829e-5,3.5016319042691556e-5,100.0
18,9,0.794285774230957,98,LOCALLY_SOLVED,2.0855198756949087,rwlav,100.0,rIVR,0.00012838762542988214,9.496666000408105e-5,0.00022200631434210472,3.186694567399207e-5,4.288438868955373e-5,0.000124155453597946,100.0
19,1,0.6529757976531982,111,LOCALLY_SOLVED,2.0961791729487453,rwlav,100.0,rIVR,0.00010856453891583406,0.0002118472393408677,0.00022800627858643452,2.3030249099747795e-5,4.157909625195415e-5,0.00012349131499192402,100.0
19,2,1.6169068813323975,214,LOCALLY_SOLVED,4.594419115766183,rwlav,100.0,rIVR,0.00029696016891689325,0.00036022532130908225,0.0004002078974447709,6.712544550138206e-5,6.896167754783226e-5,0.0001776648995201401,100.0
19,3,0.5991709232330322,138,LOCALLY_SOLVED,2.66897152561783,rwlav,100.0,rIVR,0.00010067665148771887,0.0001568713056088189,0.00031298019799064214,1.4752501022938437e-5,9.273742263661143e-5,0.00019252655703044637,100.0
19,4,0.5124750137329102,111,LOCALLY_SOLVED,2.281094447887197,rwlav,100.0,rIVR,3.46799990385005e-5,4.9518986725116676e-5,0.00013276592364452888,2.6867761367140492e-5,1.4413184454423114e-5,0.00010096010999914972,100.0
19,5,0.5744659900665283,149,LOCALLY_SOLVED,2.942565191412502,rwlav,100.0,rIVR,0.00020388577260654905,0.0002494611136725222,0.00043779859343473504,5.4111712303257255e-5,0.0001018788770350688,0.00026444665681220103,100.0
20,1,0.10638594627380371,29,LOCALLY_SOLVED,1.0763840718093034,rwlav,100.0,rIVR,6.060942158381266e-6,4.889675727315357e-6,1.2773639325835973e-5,8.426803713827366e-7,4.910112285764709e-7,1.1301911845464996e-5,100.0
20,2,0.3177151679992676,56,LOCALLY_SOLVED,1.112825276522577,rwlav,100.0,rIVR,2.0596877776002387e-5,2.9802247106358593e-5,5.3700791601052345e-5,4.347111538131689e-6,1.3106005836308451e-5,3.1552114587528125e-5,100.0
20,3,0.665992021560669,94,LOCALLY_SOLVED,2.526076079458204,rwlav,100.0,rIVR,0.0001968738976521056,4.674241840030291e-5,0.0001350386464844533,7.341794513255847e-5,1.37060355977173e-5,5.886459791444735e-5,100.0
20,4,0.11607003211975098,32,LOCALLY_SOLVED,1.2504570057503352,rwlav,100.0,rIVR,4.93903760512282e-6,2.854369867799633e-6,1.2565010178544611e-5,9.645427032078935e-7,1.4490790859883473e-6,1.1484439429578636e-5,100.0
20,5,0.09912300109863281,26,LOCALLY_SOLVED,0.9905600863209509,rwlav,100.0,rIVR,4.682188436744283e-6,3.3211924781451074e-6,8.41217179847753e-6,5.530889446522162e-7,1.5141985715027262e-6,7.371019248474215e-6,100.0
21,1,0.2182478904724121,51,LOCALLY_SOLVED,0.941522597902861,rwlav,100.0,rIVR,3.176843100849425e-5,1.8805294653700955e-5,4.723900212888488e-5,8.663704279103703e-6,6.360730920914669e-6,2.937338298418932e-5,100.0
21,2,0.2076270580291748,50,LOCALLY_SOLVED,0.9870183305924455,rwlav,100.0,rIVR,3.0421000068558968e-5,2.7292494582331628e-5,4.049614046430783e-5,6.838701278684134e-6,4.81215163641302e-6,1.947332068844565e-5,100.0
21,3,0.38986802101135254,132,LOCALLY_SOLVED,2.838816078320099,rwlav,100.0,rIVR,6.80037866715999e-5,8.460287412614953e-5,0.00013954026059526115,1.9098812921992568e-5,3.182417332394122e-5,9.210189693365544e-5,100.0
21,4,0.18559885025024414,42,LOCALLY_SOLVED,0.7717379371091265,rwlav,100.0,rIVR,1.1444982390695912e-5,2.2502813150193646e-5,2.3454012980872463e-5,2.552188359401731e-6,5.129617617724701e-6,1.2846480198029708e-5,100.0
21,5,0.36614012718200684,62,LOCALLY_SOLVED,1.1573876781231507,rwlav,100.0,rIVR,3.427903135055921e-5,4.218228545860292e-5,5.788205529433377e-5,6.785903689514093e-6,9.521346134543756e-6,3.149527417073954e-5,100.0
22,1,0.25359106063842773,60,LOCALLY_SOLVED,1.3140514642306491,rwlav,100.0,rIVR,9.251459799930473e-5,9.792488606885641e-5,0.00013522964028256368,2.723218040302881e-5,2.9243239586440596e-5,7.075972073590416e-5,100.0
22,2,0.1370081901550293,29,LOCALLY_SOLVED,0.5541299386819831,rwlav,100.0,rIVR,8.414046038129896e-6,1.4408381029173967e-5,2.9873343792008455e-5,4.616910849952366e-6,3.6435104641398407e-6,2.1206526668536036e-5,100.0
22,3,0.30022501945495605,100,LOCALLY_SOLVED,2.0045692612052664,rwlav,100.0,rIVR,0.00013197929138719644,0.00020533858006910322,0.00023305258314354482,2.9613683178695282e-5,4.869142565959272e-5,0.0001353027068960555,100.0
22,4,0.16684985160827637,56,LOCALLY_SOLVED,1.0986511328637731,rwlav,100.0,rIVR,4.563689208980648e-5,9.265979916484035e-5,0.00012882411377646008,1.7608538851620376e-5,3.359441755949282e-5,8.295173451069607e-5,100.0
22,5,0.19964194297790527,63,LOCALLY_SOLVED,1.2351549415019356,rwlav,100.0,rIVR,8.595690837687187e-5,4.858198829338356e-5,0.00010819035880471617,2.5008099796105328e-5,1.6588625218819318e-5,6.188861242952884e-5,100.0
22,6,0.29033803939819336,78,LOCALLY_SOLVED,1.5539229589388055,rwlav,100.0,rIVR,9.845064137059545e-5,0.0001775125486549456,0.0001695213191448275,2.655956534625706e-5,4.722549362985326e-5,0.00010227752665658122,100.0
23,1,1.4129250049591064,195,LOCALLY_SOLVED,4.578876146376641,rwlav,100.0,rIVR,0.0003680833666883654,0.0002837590256434819,0.00039654657696264195,5.27980503642826e-5,6.280104403449408e-5,0.00020575382706093537,100.0
23,2,0.46990299224853516,100,LOCALLY_SOLVED,1.9584165363897459,rwlav,100.0,rIVR,0.00014606727215205062,0.00013859127111248704,0.000169125138716808,3.046091080682656e-5,3.552539556222811e-5,6.482331578336109e-5,100.0
23,3,0.039834022521972656,6,LOCALLY_SOLVED,0.0882541534086316,rwlav,100.0,rIVR,3.0394313768056236e-6,1.3403117755661498e-6,3.131585333271403e-7,1.0938684589234526e-6,6.418369307888602e-7,1.575648262789701e-7,100.0
23,4,1.5082380771636963,153,LOCALLY_SOLVED,3.6813611404674056,rwlav,100.0,rIVR,0.0001664776546390634,0.00019581122328315992,0.00026681087361302147,4.259474763571007e-5,6.884921716456203e-5,0.00017068331333692184,100.0
23,5,0.3500199317932129,84,LOCALLY_SOLVED,1.8091002523180266,rwlav,100.0,rIVR,4.377823396839453e-5,6.495090991043284e-5,0.00013274591854939288,8.830180944861623e-6,3.062146864480073e-5,8.752235118464214e-5,100.0
25,1,0.16597819328308105,26,LOCALLY_SOLVED,0.4689418723884365,rwlav,100.0,rIVR,3.7428273587103433e-6,4.930830158178523e-6,1.0289582849432044e-5,1.0103049177342309e-6,2.3131428621596502e-6,5.1148541216008765e-6,100.0
25,2,0.2710590362548828,40,LOCALLY_SOLVED,0.7729733011645403,rwlav,100.0,rIVR,1.0882222717611967e-5,6.7756939383656345e-6,1.1660238626531871e-5,3.38955770727567e-6,2.519135393613814e-6,6.792857853571421e-6,100.0
25,3,0.16552400588989258,29,LOCALLY_SOLVED,0.5553097112982869,rwlav,100.0,rIVR,4.944744033563708e-6,8.732273512057631e-6,1.4563475051687647e-5,1.5570078417987811e-6,3.013284774841625e-6,1.0471746895176378e-5,100.0
